[
    {
        "subject": "웹디자인 기능사",
        "question": "통일성을 주는 방법과 거리가 먼 것은?",
        "correct_answer": "각 요소들을 분리시킨다.",
        "incorrect_answers": [
            "각 요소들을 근접시킨다.",
            "각 요소들을 반복시킨다.",
            "각 요소들을 연속시킨다."
        ],
        "desc": "통일감을 갖기 위해서는 각 요소들이 근접, 반복, 연속되어야한다.각 요소들을 분리시키면 통일감을 갖기 어렵다."
    },
    {
        "subject": "웹디자인 기능사",
        "question": "디자인의 원리 중 율동(Rhythm)의 요소와 거리가 먼 것은?",
        "correct_answer": "대칭",
        "incorrect_answers": [
            "점증",
            "반복",
            "변칙"
        ],
        "desc": "같거나 유사한 형들이 일정한 규칙과 질서를 갖고 움직였을 때 나타나는 현상을 율동이라고 하며, 반복, 교차, 방사, 점이(점증)=그라데이션 등이 있다."
    },
    {
        "subject": "웹디자인 기능사",
        "question": "일반적인 디자인의 조건을 나열한 것으로 옳은 것은?",
        "correct_answer": "합목적성, 심미성, 독창성, 경제성",
        "incorrect_answers": [
            "합목적성, 유행성, 질서성, 독창성",
            "합목적성, 심미성, 경제성, 국제성",
            "합목적성, 창조성, 심미성, 질서성"
        ],
        "desc": "디자인의 조건 : 합목적성, 심미성, 독창성, 경제성"
    },
    {
        "subject": "웹디자인 기능사",
        "question": "일반적인 디자인의 조건을 나열한 것으로 옳은 것은?",
        "correct_answer": "상의를 하의보다 더 어두운 색으로 하면 키가 더 커 보인다.",
        "incorrect_answers": [
            "밝은 바탕에 어두운 색 글자보다 어두운 바탕에 밝은 색글자가 더 굵고 커보인다.",
            "같은 크기의 검정색 상자와 흰 상자를 비교하면 흰색 상자가 더 가볍게 느껴 진다.",
            "천장을 더높게 보이게 하려면 벽면과 동일계열의 고명도 색을 천장에 칠한다."
        ],
        "desc": "색의 활용도에서 상의를 하의보다 더 어둡게 하면 키는 더 작아보입니다."
    },
    {
        "subject": "웹디자인 기능사",
        "question": "바우하우스의 설립자이며, 근대 건축과 디자인 운동의 대표적 지도자는?",
        "correct_answer": "그로피우스(GROPLUS, WALTER)",
        "incorrect_answers": [
            "모리스(MORRIS, WILLIAM)",
            "로위(ROWEY, RAYMOND)",
            "팹스너(PRVSNER, NIKOLAUS)"
        ],
        "desc": "바우하우스의 설립자이며 근대 건축과 디자인 운동의 대표적인 지도자는 그로피우스 입니다."
    },
    {
        "subject": "웹디자인 기능사",
        "question": "다음 그림은 어떤 착시 현상을 나타낸 것인가?",
        "question_img": "gineungsaWD2010_02_01",
        "correct_answer": "반복",
        "incorrect_answers": [
            "명암",
            "크기",
            "질감"
        ],
        "desc": "반복은 율동의 한 요소이다.율동은 반복과 교차, 점이(점증), 방사, 변칙 특징이 있다."
    },
    {
        "subject": "웹디자인 기능사",
        "question": "디자인 기본 요소 중 균형을 잡기 위한 요소가 아닌 것은?",
        "correct_answer": "길이의 착시",
        "incorrect_answers": [
            "거리의 착시",
            "방향의 착시",
            "대비의 착시"
        ],
        "desc": "반복은 율동의 한 요소이다.율동은 반복과 교차, 점이(점증), 방사, 변칙 특징이 있다."
    },
    {
        "subject": "웹디자인 기능사",
        "question": "색의 주목성에 대한 설명으로 틀린 것은?",
        "correct_answer": "명시도가 높으면 상대적으로 주목성이 낮다.",
        "incorrect_answers": [
            "색의 진출, 후퇴, 팽창, 수축과 관련된 현상으로 사람들의 시선을 끄는 힘을 말한다",
            "거리의 표지판 도로 구획선, 심벌마크 등 짧은 시간에 눈에 띄어야 하는 경우에 사용된다",
            "명도, 채도가 높은 색이 주목성이 높다."
        ],
        "desc": "명시도가 높을수록 주목성이 높아집니다."
    },
    {
        "subject": "웹디자인 기능사",
        "question": "기업의 새로운 이념 구축에 필요한 이미지와 커뮤니케이션 시스템을 의도적, 계획적으로 만들어내는 기업이미지통합 전략은?",
        "correct_answer": "CIP",
        "incorrect_answers": [
            "POP",
            "AIDMA",
            "IOS"
        ],
        "desc": "기업 이미지 통합은 흔히 CI(Corporate Identity의 약어)라고 언급된다.<br>이것은 CIP(Corporate Identity Program)라고도 표현되며, 이미지를 시각적으로 통일시키는 기업 전략을 말한다.<br>여기에는 기업의 로고, 심볼, 마크, 마스코트, 캐릭터, 명함, 다양한 서식, 업무용 봉투, 엠블렘, 차량, 유니폼, 출입증 등등 다양한 매체들에 통일된 이미지를 심는 작업이다."
    },
    {
        "subject": "웹디자인 기능사",
        "question": "체계적인 국가 정책을 기반으로 공학적이며, 기능적인 디자인이 특징인 국가는?",
        "correct_answer": "독일",
        "incorrect_answers": [
            "중국",
            "프랑스",
            "스칸디나비아"
        ],
        "desc": "독일은 체계적인 국가 정책을 기반으로 공학적이고 기능적인 디자인이 특징인 나라입니다."
    },
    {
        "subject": "웹디자인 기능사",
        "question": "주위색의 영향으로 인접색에 가깝게 느껴지는 경우는?",
        "correct_answer": "동화현상",
        "incorrect_answers": [
            "등색 잔상",
            "색의 명시도",
            "연변 대비"
        ],
        "desc": "주위색의 영향으로 인접색과 가깝게 느껴지는 것을 동화현상이라고 합니다."
    },
    {
        "subject": "웹디자인 기능사",
        "question": "눈의 망막부위의 같은 곳에 동시적 또는 계속적으로 두 종류 이상의 색 자극이 주어져 특정한 색체감각을 일으키는 것은?",
        "correct_answer": "가법혼합",
        "incorrect_answers": [
            "감법혼합",
            "보색혼합",
            "중간혼합"
        ],
        "desc": "가법혼합이란 눈의 망막부위의 같은 곳에 동시적 또는 계속적으로 두 종류 이상의 색 자극을 주어 특정한 색체감각을 일으키는 것을 말합니다."
    },
    {
        "subject": "웹디자인 기능사",
        "question": "디자인(Design)의 의미를 설명한 것으로 틀린 것은?",
        "correct_answer": "디자인은 기존의 것을 유지하며 실용적 가치보다는 예술적 가치의 기준을 말한다.",
        "incorrect_answers": [
            "디자인이란 프랑스어의 '데셍'에서 유래되었다.",
            "도안, 밑그림, 그림, 소묘, 계획, 설계, 목적이란 의미를 기술하고 있다.",
            "디자인은 De(이탈)와 Sign(형상)의 합성어로 기존 것을 파괴하고 새로운 재화를 창출한다는 의미가 포함된다."
        ],
        "desc": "디자인은 새로운 제품,시스템,환경 또는 경험을 만들기 위해 아이디어를 창조하고 기획하며 구체화하는 창조적인 예술입니다."
    },
    {
        "subject": "웹디자인 기능사",
        "question": "다음 중 나머지 세 가지와 성격이 다른 디자인 분야는?",
        "correct_answer": "인테리어 디자인",
        "incorrect_answers": [
            "광고 디자인",
            "편집 디자인",
            "시각 디자인"
        ],
        "desc": "광고 디자인, 편집 디자인은 시각디자인에 속하며 인테리어 디자인은 공업디자인에 속합니다."
    },
    {
        "subject": "웹디자인 기능사",
        "question": "다음 설명 중 ( )안에 공통으로 들어갈 디자인 요소는?",
        "question_desc": "- 기히학에서는 무수히 많은 ( )들의 집합을 선이라고 정의 한다. <br> - 상징적인 면에 있어서의 ( )은/는 모든 조형 예술으 최초의 요소로 규정지을 수 있다.",
        "correct_answer": "점",
        "incorrect_answers": [
            "빛",
            "면",
            "입체"
        ],
        "desc": "기하학에서 무수히 많은 점들의 집합을 선이라고 하며 면에 있어서 점은 모든 조형 예술 최초의 요소입니다."
    },
    {
        "subject": "웹디자인 기능사",
        "question": "색광 혼합에 관한 설명으로 옳은 것은?",
        "correct_answer": "적(Red), 녹(Green), 청(Blue)이 원색이다.",
        "incorrect_answers": [
            "색료를 혼합할수록 명도와 채도가 낮아진다.",
            "자주(Magenta), 노랑(Yellow), 청록(Cyan), 검정(Black)이 기본색이다.",
            "여러 가지 빛을 혼합하면 혼합 이전의 상태보다 색의 명도가 내려가 어두워진다."
        ],
        "desc": "색광혼합은 가산혼합이라 부르며 Red, Green, Blue가 원색입니다. (모두 합치면 White)혼합할수록 명도가 높아집니다."
    },
    {
        "subject": "웹디자인 기능사",
        "question": "배색의 조건 설명으로 틀린 것은?",
        "correct_answer": "인간적인 요인으로 계획자의 개인적 특성에 맞추어 배색한다.",
        "incorrect_answers": [
            "사물의 용도나 기능에 부합되는 배색을 해야 한다",
            "색이 주는 심리적 효과를 고려해야 한다.",
            "환경적 요인은 충분히 고려하여 배색한다."
        ],
        "desc": "배색의 조건은, 사용자의 특성에 맞추어 배색하는 것이 좋습니다."
    },
    {
        "subject": "웹디자인 기능사",
        "question": "시각적 균형과 가장 거리가 먼 것은?",
        "correct_answer": "경험에 의한 균형",
        "incorrect_answers": [
            "명암에 의한 균형",
            "질감에 의한 균형",
            "위치에 의한 균형"
        ],
        "desc": "시각적 균형은 명암,질감,위치에 의한 균형들로 이루어져 있습니다."
    },
    {
        "subject": "웹디자인 기능사",
        "correct_answer": "색상",
        "question": "디자인 형태의 개념에서 조화(Harmony)를 이루는 법칙과 거리가 먼 것은?",
        "incorrect_answers": [
            "균형",
            "대비",
            "통일"
        ],
        "desc": "디자인의 원리 - 균형, 비례, 율동, 동세, 통일, 변화, 강조, 대비, 조화"
    },
    {
        "subject": "웹디자인 기능사",
        "correct_answer": "개나리색(Chrome Yellow)",
        "question": "다음 중 관용색명에 해당하는 것은?",
        "incorrect_answers": [
            "보라색(Purple)",
            "빨강색(Red)",
            "녹색(Green)"
        ],
        "desc": "관용색명이란 일상생활에서 쉽게 접할수 있는 관용적인 호칭방법으로 표현한 색이름을 말한다."
    },
    {
        "subject": "웹디자인 기능사",
        "correct_answer": "구글",
        "question": "웹 브라우저에 해당하지 않는 것은?",
        "incorrect_answers": [
            "인터넷 익스플로러",
            "네스케이프",
            "링스"
        ],
        "desc": "구글은 회사 이름이며 구글에서 개발한 웹 브라우저는 크롬입니다."
    },
    {
        "subject": "웹디자인 기능사",
        "question": "다음과 관련 있는 TCP/IP 프로토콜 계층으로 옳은 것은?<br>-->SMTP,FTP,Telnet,HTTP",
        "correct_answer": "응용 계층",
        "incorrect_answers": [
            "물리 계층",
            "네트워크 계층",
            "전송 계층"
        ],
        "desc": "물리계층: 실제 물리적인 전송매체 사이의 연결<br>네트워크계층: 논리적인 링크 구성, 전송경로 설정<br>전송계층: 컴퓨터간 연결 확립, 데이터 흐름제어, 에러제어<br>응용계층: 네트워크 관련 응용프로그램 수행(ex.HTTP,SMTP,FTP,TELNET 등)"
    },
    {
        "subject": "웹디자인 기능사",
        "question": "웹 페이지를 만들기 위해 사용되는 프로그램 중 클라이언트측에서 수행되는 것은?",
        "correct_answer": "VB Script",
        "incorrect_answers": [
            "ASP",
            "CGI",
            "PHP"
        ],
        "desc": "ASP:웹 개발에 사용되는 기술 동작 웹 페이지를 생성하고 관리하기 한다<br>CGI:웹 서버와 외부 프로그램 간의 인터페이스를 제공하는 표준입니다.<br>PHP:HTML과 함께 사용되며 코드를 포함하여 동적으로 생성된 콘테츠를 웹 페이지에 표시할 수 있습니다."
    },
    {
        "subject": "웹디자인 기능사",
        "question": "Http://alpha.hrdkorea.or.kr에 대한 설명으로 틀린 것은?",
        "correct_answer": "or는 정부기관을 나타낸다.",
        "incorrect_answers": [
            "Kr은 대한민국을 나타낸다",
            "alpha는 호스트 이름이다.",
            "http는 전송 프로토콜이다."
        ],
        "desc": "go: 정부기관이나 공공기관<br>or: 비영리기관<br>ac: 교육기관/대학(원)<br>co: 영리목적의 단체나 기업체)<br>re: 연구소나 연구단체<br>kg: 유치원<br>es: 초등학교<br>ms: 중학교<br>hs: 고등학교<br>sc: 기타 교육기관<br>pe: 개인"
    },
    {
        "subject": "웹디자인 기능사",
        "question": "웹 문서 작성을 위한 국제 표준 언어가 아닌 것은?",
        "correct_answer": "UML",
        "incorrect_answers": [
            "HTML",
            "XHTML",
            "XML"
        ],
        "desc": "현재 인터넷 환경하에서 표준화된 방법으로 문서를 작성하고, 이를 송⋅수신할 수 있는 전산언어는 HTML(Hyper Text Mark-up Language), SGML(Standard Generalized Mark-up Language), XML(Extensible Mark-up Language), XBRL 등이 있다."
    },
    {
        "subject": "웹디자인 기능사",
        "question": "인터넷(Internet) 광고의 특징이 아닌 것은?",
        "correct_answer": "디지털 매체이므로 광고 내용의 수정은 쉽지 않다.",
        "incorrect_answers": [
            "광고에 대한 효과를 실시간으로 확인 가능하다.",
            "초기 광고제작 단가가 타 매체에 비해 저렴하다.",
            "기존 매체에 비해 더욱 명확한 타겟(Target) 마케팅이 이루어진다."
        ],
        "desc": "인터넷 광고는 디지털 매체이므로 광고의 내용 수정이 쉽습니다."
    },
    {
        "subject": "웹디자인 기능사",
        "question": "HTML 문서에 대한 정보를 제공하는 자바스크립트의 객체는?",
        "correct_answer": "document",
        "incorrect_answers": [
            "window",
            "location",
            "history"
        ],
        "desc": "HTML 문서에 대한 정보를 제공하는 객체는 document입니다."
    },
    {
        "subject": "웹디자인 기능사",
        "question": "최초의 GUI 환경의 웹 브라우저는?",
        "correct_answer": "모자이크",
        "incorrect_answers": [
            "익스플로러",
            "네스케이프",
            "랜드스케이프"
        ],
        "desc": "최초의 GUI 환경의 웹 브라우저는 모자이크입니다."
    },
    {
        "subject": "웹디자인 기능사",
        "question": "다음 중 세계 인터넷 역사에 가장 나중에 이루어진 것은?",
        "correct_answer": "TCP/IP 도입",
        "incorrect_answers": [
            "ARPANet 출현",
            "Usenet 시작",
            "FTP 표준안"
        ],
        "desc": "ARPANET- 1969년 미국 국방성이 군사적 목적으로 UCLA , 스탠포드 대학 등의 컴퓨터를 네트워크로 연결 <br>UNSENET - 1979년 FTP - 1972 년 Telenet 과 FTP가 표준으로 제정.<br>TCP/IP - 1982년 인터넷 표준 프로토콜로 채택됨. 인터넷 개념이 정립되었음"
    },
    {
        "subject": "웹디자인 기능사",
        "question": "HTML에 대한 설명으로 옳지 않은 것은?",
        "correct_answer": "HTML은 DTD(Dcoument Type Definition) 기능을 이용하여 새로운 태그를 정의하여 사용할 수 있다.",
        "incorrect_answers": [
            "HTML은 링크나 앵커 등 하이퍼텍스트의 개념을 태그로 명확히 정의한 언어이다.",
            "HTML은 디렉터무비, 플래시무비, MIDI 사운드를 삽입 하는 태그를 갖고 있다",
            "HTML은 문서 내에 직접 기술하여 프로그래밍 할 수 있는 JavaScript를 지원한다."
        ],
        "desc": "HTML은 새로운 태그를 정의할 수 없습니다. 새로운 태그 정의는 XML에서 가능 합니다."
    },
    {
        "subject": "웹디자인 기능사",
        "question": "이더넷(Ethernet)에 대한 설명으로 옳은 것은?",
        "correct_answer": "CSMA/CD 버스 통신망으로 가장 널리 사용되는 근거리 통신망 방식이다.",
        "incorrect_answers": [
            "스타형 통신망으로 가장 널리 사용되는 근거리 통신망 방식이다.",
            "CDMA 통신망으로 가장 널리 사용되는 근거리 통신망 방식이다.",
            "PTP 버스 통신망으로 가장 널리 사용되는 근거리 통신망 방식이다"
        ],
        "desc": "이더넷은 CSMA/CD (carrier sense multiple access with collision detection 반송파 감지 다중 접속 및 충돌 탐지) 기술을 사용한다. 이 기술은 이더넷에 연결된 여러 컴퓨터들이 하나의 전송 매체를 공유할 수 있도록 한다."
    },
    {
        "subject": "웹디자인 기능사",
        "question": "여러 개의 검색 엔진에서 정보를 찾은 다음, 중복으로 검색된 정보는 하나로 통일하고 자체 순위 결정 방식에 의해 가장 관련성이 높은 순으로 출력해 주는 것은?",
        "correct_answer": "메타 검색 엔진",
        "incorrect_answers": [
            "주제별 검색 엔진",
            "키워드 검색 엔진",
            "자연어 검색 엔진"
        ],
        "desc": "메타 검색 엔진 : 여러 개의 검색 엔진에서 중복으로 검색된 정보를 하나로 통일하고 자체 순위 결정 박식으로 관령성이 높은 순으로 출력해줍니다."
    },
    {
        "subject": "웹디자인 기능사",
        "question": "자바 스크립트에서 현재 활성화된 창을 닫는 명령어가 아닌 것은?",
        "correct_answer": "screen.close()",
        "incorrect_answers": [
            "self.close()",
            "this.close()",
            "windows.close()"
        ],
        "desc": "screen.close :Python에서 GUI를 프로그래밍 할 때 현재 열려있는 창이나 화면을 닫는 기능을 수행합니다."
    },
    {
        "subject": "웹디자인 기능사",
        "question": "카테고리에 의한 체계적인 링크정보를 제공하며, 최종적인 정보 검색을 위해서는 대분류에서 시작하여 중분류, 소분류등의 중간 과정을 방문해야 하는 검색 엔진은?",
        "correct_answer": "디렉터리형 검색 엔진",
        "incorrect_answers": [
            "메타 검색 엔진",
            "로봇에이전트형 검색 엔진",
            "단어별 검색 엔진"
        ],
        "desc": "대분류, 중분류 , 소분류 는 주제별 검색 엔진"
    },
    {
        "subject": "웹디자인 기능사",
        "question": "스타일시트에 대한 설명으로 옳지 않은 것은?",
        "correct_answer": "웹 페이지의 레이아웃 편집을 강화하여 브라우저나 플랫폼의 종류에 많은 제한이 따른다",
        "incorrect_answers": [
            "하나의 문서만 수정해도 한꺼번에 여러 페이지의 외형과 형식을 수정할 수 있다.",
            "스타일시트에서 글꼴, 색상, 크기, 정렬 방식 등을 미리 지정하여 필요한 곳에 적용할 수 있다.",
            "같은 스타일시트를 사용하는 문서에는 문서들의 일관성을 쉽게 유지할 수 있다"
        ],
        "desc": "스타일시트는 브라우저나 플랫폼 종류에 제한을 받지 않습니다."
    },
    {
        "subject": "웹디자인 기능사",
        "question": "국내 검색 엔진(Search Engine) 아닌 것은?",
        "correct_answer": "야후",
        "incorrect_answers": [
            "엠파스",
            "네이버",
            "다음"
        ],
        "desc": "야후는 해외 검색엔진입니다. (알타비스타, 구글도 해외 검색엔진입니다.)"
    },
    {
        "subject": "웹디자인 기능사",
        "question": "전자메일서비스에 연관된 프로토콜(Protocol)이 아닌 것은?",
        "correct_answer": "NNTP",
        "incorrect_answers": [
            "IMAP",
            "POP",
            "SMTP"
        ],
        "desc": "NNTP는 뉴스 그룹 프로토콜입니다."
    },
    {
        "subject": "웹디자인 기능사",
        "question": "자바 스크립트(Java Script)에 대한 설명으로 틀린 것은?",
        "correct_answer": "자바 스크립트는 객체 지향 언어로 객체(class)를 생성 하고 상속하는 기능을 한다.2",
        "incorrect_answers": [
            "자바 스크립트란 HTML에 삽입되어 HTML을 확장하는 기능을 가지고 있어 HTML을 강력하고 편리하게 디자인 할 수 있다.",
            "자바 스크립트는 서버가 아닌 클라이언트에서 인터프리터 된다.",
            "자바 스크립트는 컴퓨터 기종에 관계없이 사용할 수 있어 플랫폼에 독립적이라고 한다."
        ],
        "desc": "자바스크립트는 객체 지향언어로서 객체를 생성하고 상속하는 기능을 지원합니다."
    },
    {
        "subject": "웹디자인 기능사",
        "question": "웹 페이지 레이아웃을 구성하기 위해 사용되는 방법에 대한 설명으로 가장 거리가 먼 것은?",
        "correct_answer": "이미지 한 장을 이용한 레이아웃은 자유롭고 다양한 효과를 줄 수 있고 내용 변경도 쉽게 할 수 있다.",
        "incorrect_answers": [
            "테이블을 이용하면 텍스트와 이미지 또는 멀티미디어 자료를 결합할 수 있는 복잡한 레이아웃을 만들 수 있다",
            "프레임을 이용하면 브라우저 내에서 각 프레임이 독립적으로 움직일 수 있다.",
            "스타일시트는 레이아웃을 만들어내는 탁월한 방법으로 콘텐츠와 레이아웃을 분리하는 기능을 제공한다."
        ],
        "desc": "이미지 한장을 이용한 레이아웃은 자유롭고 다양한 효과를 줄 수 있지만 내용 변경을 쉽게 할 수 없습니다."
    },
    {
        "subject": "웹디자인 기능사",
        "question": "인터넷에서 사용하는 기본적인 통신 프로토콜은?",
        "correct_answer": "TCP/IP",
        "incorrect_answers": [
            "IPv6",
            "NetBEUI",
            "IPX/SPX"
        ],
        "desc": "인터넷에서 사용하는 기본적인 통신 프로토콜은 CP/IP입니다."
    },
    {
        "subject": "웹디자인 기능사",
        "question": "수학적 연산에 의해 그래픽 데이터를 표현하는 방식은?",
        "correct_answer": "백터 방식",
        "incorrect_answers": [
            "비트맵 방식",
            "래스터 방식",
            "포스트스크랩"
        ],
        "desc": "수학적 연산에 의해 그래픽 데이터를 표현하는 방식은 백터 방식입니다."
    },
    {
        "subject": "웹디자인 기능사",
        "question": "무손실 데이터 압축 기법에 대한 설명으로 틀린 것은?",
        "correct_answer": "대체로 동영상, 이미지, 음향 등과 같은 연속매체에 많이 사용된다",
        "incorrect_answers": [
            "복원한 데이터가 압축전의 데이터와 일치한다.",
            "압축 기법은 허프만 코드화가 있다.",
            "정확성이 많이 요구되는 문서, 정보, 소프트웨어의 실행파일, 의학용, 과학용으로 많이 사용된다."
        ],
        "desc": "허프만 압축은 기법은 무손실 데이터 압축 기법중 하나인데 허프만 압축으로만 이루어져 있는것이 아닌 다양한 기법이 존재합니다."
    },
    {
        "subject": "웹디자인 기능사",
        "question": "컴퓨터 그래픽스 시스템의 입력 장치로 옳지 않은 것은?",
        "correct_answer": "1빔 프로덕션",
        "incorrect_answers": [
            "키보드",
            "마우스",
            "스캐너"
        ],
        "desc": "빔프로젝터는 출력장치"
    },
    {
        "subject": "웹디자인 기능사",
        "question": "GIF 파일 포맷에 대한 설명으로 옳지 않은 것은?",
        "correct_answer": "24비트의 1600만여 가지의 색을 표현할 수 있다.",
        "incorrect_answers": [
            "온라인상에서 빠른 이미지의 전송을 목적으로 개발되었다.",
            "JPEG 파일에 비해 압축률이 떨어진다.",
            "GIF는Graphics Interchange Format의약자이다."
        ],
        "desc": "GIF는 8비트의 256컬러만을 사용합니다"
    },
    {
        "subject": "웹디자인 기능사",
        "question": "캠코더에서 얻은 동영상 클립을 편집하여 결과물을 얻기에 적합한 소프트웨어가 아닌 것은?",
        "correct_answer": "Media Player",
        "incorrect_answers": [
            "Premiere",
            "Movie Maker",
            "Vagas"
        ],
        "desc": "Media Player는 오디오 및 동영상 재생기이며 동영상 편집기가 아닙니다"
    },
    {
        "subject": "웹디자인 기능사",
        "question": "현실이나 상상 속에서 제안되거나 계획된 일련의 사건들의 개략적인 줄거리를 말하며, 스토리보드를 작성하는데 토대가 되는 것은?",
        "correct_answer": "시나리오",
        "incorrect_answers": [
            "플로우차트",
            "가상현실",
            "레이아웃 설정"
        ],
        "desc": "개략적인 줄거리와 스토리보드를 작성하는 것을 시나리오라고 합니다.<br>플로우 차트는 프로그래밍이나 프로세스의 흐름을 그림으로 표현하는 기법입니다.<br>가상현실 VR은 마치 현실세계에 있는것처럼 가상세계에서 상호작용 할 수 있도록 만든 기술입니다.<br>레이아웃 설정은 웹사이트나 앱등에서 사용자 인터페이스UI를 배치하고 디자인 하는 것입니다."
    },
    {
        "subject": "웹디자인 기능사",
        "question": "웹 디자인 과정에서 아이디어 발상과 밀접한 관계가 있는 용어는?",
        "correct_answer": "BRAIN STORMING",
        "incorrect_answers": [
            "STORY BOARD",
            "SITE MAP",
            "HTML"
        ],
        "desc": "스토리보드는 웹이나 앱을 개발하기전 시각적인 요소를 설계하고 표현한 도구입니다. <br>사이트맵은 웹사이트 내의 페이지들의 구조와 계층구조를 시각적으로 나타낸 도구입니다.<br>HTML은 웹사이트를 구성하는데 사용되는 마크업 언어입니다."
    },
    {
        "subject": "웹디자인 기능사",
        "question": "컴퓨터 그래픽스가 활용되고 있는 분야로 거리가 가장 먼 것은?",
        "correct_answer": "공예 디자인",
        "incorrect_answers": [
            "컴퓨터 게임",
            "CD 타이틀 디자인",
            "미디어 아트"
        ],
        "desc": "공예디자인은 수작업으로 이루어집니다."
    },
    {
        "subject": "웹디자인 기능사",
        "question": "화면 해상도(Resolution)에 대한 설명으로 적절한 것은?",
        "correct_answer": "픽셀(Pixel)의 수를 의미한다.",
        "incorrect_answers": [
            "화면 해상도는 모니터 화면의 크기에 의해 결정된다.",
            "화면 해상도가 높을수록 적은 양의 메모리가 필요하다.",
            "화면 해상도가 낮으면 똑같은 이미지라도 작게 보인다."
        ],
        "desc": "화면의 해상도는 모니터 크기에 따라 픽셀의 밀도가 달라지는 것입니다."
    },
    {
        "subject": "웹디자인 기능사",
        "question": "웹 페이지를 제작할 때 사용되는 웹 에디터로 옳은 것은?",
        "correct_answer": "드림위버",
        "incorrect_answers": [
            "일러스트레이터",
            "페인터",
            "코렐드로우"
        ],
        "desc": "웹 페이지 제작 웹에디터 종류에는 : Dreamweaver, Namo Web Editor, Front Page 등등..."
    },
    {
        "subject": "웹디자인 기능사",
        "question": "애플사에서 개발한 미디어 재생기로 동영상 파일을 지원하는 것은?",
        "correct_answer": "Quick Time",
        "incorrect_answers": [
            "Windows Media Player",
            "Real Player",
            "Shock Wave"
        ],
        "desc": "애플사에서 개발한 미디어 재생기는 Quick Time Player입니다."
    },
    {
        "subject": "웹디자인 기능사",
        "question": "일반적으로 마우스의 이벤트에 반응하는 플래시 무비를 만들기 위해 등록하게 되는 심벌로 가장 적절한 것은?",
        "correct_answer": "버튼 심벌",
        "incorrect_answers": [
            "그래픽 심벌",
            "사운드 심벌",
            "무비 클립 심벌"
        ],
        "desc": "마우스의 이벤트에 반흥하는 플래시 무비를 만들기 위해서는 버튼 심벌이 가장 적절합니다."
    },
    {
        "subject": "웹디자인 기능사",
        "question": "웹(Web) 상에서 애니메이션 사용을 저해하는 요소가 아닌 것은?",
        "correct_answer": "데이터 스트리밍",
        "incorrect_answers": [
            "대역폭의 한계",
            "브라우저가 지원하지 못하는 낮은 사양의 컴퓨터",
            "인터넷의 비동기성"
        ],
        "desc": "스트리밍의 가능으로 별도의 플러그인 설치없이 웹상에서 애니메이션을 재생할수 있다"
    },
    {
        "subject": "웹디자인 기능사",
        "question": "저해상도 비트맵 이미지에서 곡선이나 사선 드로잉 결과는 계단 모양이나 지그재그 모양을 나타낸다. 이와 같은 계단 현상을 부드럽게 처리하기 위해 사용되는 방식은?",
        "correct_answer": "안티앨리어스(Anti-Alias)",
        "incorrect_answers": [
            "레이트레이싱(Ray Tracing)",
            "레이캐스팅(Ray Casting)",
            "앨리어스(Alias)"
        ],
        "desc": "레이트레이싱은 빛의 반사와 굴절을 묘사하는 그래픽스 기술 <br>레이캐스팅은 물체의 형태와 표면 속성을 시각화 할 수 있습니다.<br>엘리어싱은 디지털 이미지 경계면에서 발생하는 계단현상입니다.<br>앤티앨리어싱은 앨리어싱의 문제를 해결해서 더 부드럽게 만들어주고 자연스럽게 만들어줍니다."
    },
    {
        "subject": "웹디자인 기능사",
        "question": "웹 애니메이션의 시각적인 깜빡임(Flicker) 현상을 줄이기 위한 방법으로 옳은 것은?",
        "correct_answer": "초당 프레임 수를 최대한 높여서 제작한다.",
        "incorrect_answers": [
            "모니터의 크기를 최대한 큰 것을 사용한다.",
            "인접한 계통색을 사용하여 제작한다.",
            "고해상도의 원본 이미지를 사용한다."
        ],
        "desc": "깜빡임 효과를 줄이기 위해서는 초당 프레임 수를 최대한 높여서 제작합니다."
    },
    {
        "subject": "웹디자인 기능사",
        "question": "웹 디자인에서 사용자 인터페이스를 설정할 때 고려해야 할 사항으로 옳지 않은 것은?",
        "correct_answer": "웹 페이지에서 다른 곳으로 이동할 수 있는 링크를 한곳으로만 지정한다.",
        "incorrect_answers": [
            "최단 시간에 사이트를 방문한 목적을 이해할 수 있도록 한다.",
            "화면을 스크롤 했을 때 링크 버튼이 보이지 않는 일이 없도록 한다.",
            "누가 보더라도 쉽게 사용법을 알 수 있도록 사용자 편의성을 제공한다."
        ],
        "desc": "사용자가 원하는 페이지로 이동할 수 있도록 링크를 지정하는 것이 바람직합니다."
    },
    {
        "subject": "웹디자인 기능사",
        "question": "컴퓨터 그래픽스의 역사 중 트랜지스터 시대(1960년대)에 대한 설명으로 옳은 것은?",
        "correct_answer": "컴퓨터 그래픽스 발전의 기초를 마련한 시기로 3D 분야에서는 은선 제거 기법에서 발전을 시작하여 면의 음역을 표현할 수 있는 쉐이딩 기법이 등장하였다.",
        "incorrect_answers": [
            "빌 게이츠와 폴 알렌은 함께 마이크로소프트사를 설립하였다.",
            "컴퓨터 대형화 추세와 더불어 개인용 컴퓨터에서는 주기억장치로 고밀도 직접회로를 사용하여 본격적인 사무자동화 시대를 맞이하였다.",
            "컴퓨터 그래픽스 영상의 발전으로 조지 루카스는 그의 영화 Star Wars(스타워즈)에서 처음으로 90초에 해당하는 부분을 컴퓨터 그래픽스를 이용하여 영상 효과를 창출하였다."
        ],
        "desc": "2:빌 게이츠와 의견이 달라 폴 알렌은 중도 사임함 <br>3.PC와 WINDOW가 등장하면서 운영체제 보급에 큰 영향을 받았습니다.<br>스타워즈는 모형과 기계를 활용한 특수효과였습니다."
    },
    {
        "subject": "웹디자인 기능사",
        "question": "타이포그래피의 구성 요소에 해당하지 않는 것은?",
        "correct_answer": "Texturing",
        "incorrect_answers": [
            "Serif",
            "Line-spacing",
            "Letter-spacing"
        ],
        "desc": "타이포 그래피는 글자와 텍스트의 디자인과 배치를 다루고있습니다. Texturing은 질감입니다."
    },
    {
        "subject": "웹디자인 기능사",
        "question": "웹 그래픽 디자인 제작 기법에서 이미지를 표현하는 단계를 순서적으로 옳게 나열한 것은?",
        "correct_answer": "이미지 구성 단계 → 도구 선택 단계 → 색상 선택 단계 → 이미지 표현 단계",
        "incorrect_answers": [
            "이미지 구성 단계 → 이미지 표현 단계 → 색상 선택 단계 → 도구 선택 단계",
            "이미지 구성 단계 → 이미지 표현 단계 → 도구 선택 단계 → 색상 선택 단계",
            "이미지 구성 단계 → 색상 선택 단계 → 이미지 표현 단계 → 도구 선택 단계"
        ],
        "desc": "웹 그래픽 디자인 제작기법은 이미지구성단계 -> 도구 선택 단계 -> 색상 선택단계 -> 이미지 표현단계 순으로 이루어져 있습니다."
    },
    {
        "subject": "웹디자인 기능사",
        "question": "움직임이 없는 무생물적인 존재를 여러번에 걸쳐 변형을 시키고 이를 연속 촬영 또는 기타 영상적 기법을 이용하여 마치 움직이는 것처럼 눈의 착각을 일으키도록 하는 기술은?",
        "correct_answer": "애니메이션",
        "incorrect_answers": [
            "랜더링",
            "모델링",
            "크로마키"
        ],
        "desc": "랜더링은 가상 세계를 실제 화면에 그리는 과정입니다, 모델링은 3차원 객체를 만드는 과정이며 이때 기하학적인 모양을 만들고 재질,색상,질감등을 설정합니다. 크로마키는 영상편집 기술 중 하나입니다."
    }
]