[
    {
        "subject": "정보처리 기능사",
        "question": "연산작업을 할 때, 연산의 중간 결과나 데이터 저장시 레지스터를 사용하는 주된 이유는?",
        "incorrect_answers": [
            "인터럽트 요청을 방지하기 위하여",
            "기억 장소를 절약하기 위하여",
            "연산의 정확성을 위하여"
        ],
        "correct_answer": "연산 속도 향상을 위하여",
        "desc": "연산작업을 할 때, 연산의 중간 결과나 데이터 저장시 레지스터를 사용하는 주된 이유는 연산속도 향상을 위해서 입니다."
    },
    {
        "subject": "정보처리 기능사",
        "question": "반가산기(Half-Adder)에서 두 개의 입력 비트가 모두 1일 때 합(Sum)은?",
        "incorrect_answers": [
            "1",
            "10",
            "11"
        ],
        "correct_answer": "0",
        "desc": "반가산기(Half-Adder)에서 두 개의 입력 비트가 모두 1일 때 합(Sum)은 0입니다."
    },
    {
        "subject": "정보처리 기능사",
        "question": "컴퓨터에 의하여 다음에 실행될 명령어의 주소가 저장되어 있는 기억 장소는?",
        "incorrect_answers": [
            "메모리 레지스터(Memory Register)",
            "명령어 레지스터(Instruction Register)",
            "인덱스 레지스터(Index Register)"
        ],
        "correct_answer": "프로그램 카운터(Program Counter)",
        "desc": "프로그램 카운터는 컴퓨터에의하여 다음에 실행될 명령어의 주소가 저장되어있는 기억장소입니다."
    },
    {
        "subject": "정보처리 기능사",
        "question": "CPU 에서 명령이 실행되는 순서를 제어하거나 특정 프로그램에 관련된 컴퓨터 시스템의 상태를 나타내고 유지하기 위한 제어 워드로서, 실행중인 CPU의 상황을 나타내는 것은?",
        "incorrect_answers": [
            "MBR",
            "MAR",
            "PC"
        ],
        "correct_answer": "PSW",
        "desc": "CPU 에서 명령이 실행되는 순서를 제어하거나 특정 프로그램에 관련된 컴퓨터 시스템의 상태를 나타내고 유지하기 위한 제어 워드로서, 실행중인 CPU의 상황을 나타내는 것은 PSW입니다."
    },
    {
        "subject": "정보처리 기능사",
        "question": "명령어는 연산자 부분과 주소 부분으로 구성되는데 주소(Operand)부분의 구성 요소가 아닌 것은?",
        "incorrect_answers": [
            "데이터의 주소자체",
            "명령어 순서",
            "데이터가 있는 주소를 구하는데 필요한 정보"
        ],
        "correct_answer": "데이터 종류",
        "desc": "명령어는 연산자 부분과 주소 부분으로 구성되는데 다양한 구성요소중 데이터 종류는 주소부분의 구성요소가 아닙니다."
    },
    {
        "subject": "정보처리 기능사",
        "question": "디스크 팩이 6장으로 구성되었을 때 사용하여 기록할 수 있는 면 수는?",
        "incorrect_answers": [
            "6",
            "8",
            "12"
        ],
        "correct_answer": "10",
        "desc": "디스크 팩이 6장으로 구성되었을 때 사용하여 기록할 수 있는 면 수는 10입니다."
    },
    {
        "subject": "정보처리 기능사",
        "question": "연산자의 기능과 거리가 먼 것은?",
        "incorrect_answers": [
            "제어 기능",
            "함수연산 기능",
            "입출력 기능"
        ],
        "correct_answer": "주소지정 기능",
        "desc": "연산자의 기능과 거리가 먼 것은 주소지정 기능이라고 할수있습니다."
    },
    {
        "subject": "정보처리 기능사",
        "question": "디스크 팩이 6장으로 구성되었을 때 사용하여 기록할 수 있는 면 수는?",
        "incorrect_answers": [
            "<img style='width:130px' src='https://github.com/dkseho9121/web2023/blob/main/javascript/quiz/noname01.jpg?raw=true'>",
            "<img style='width:130px' src='https://github.com/dkseho9121/web2023/blob/main/javascript/quiz/noname021.jpg?raw=true'>",
            "<img style='width:130px' src='https://github.com/dkseho9121/web2023/blob/main/javascript/quiz/noname012.jpg?raw=true'>",
            "<img style='width:130px' src='https://github.com/dkseho9121/web2023/blob/main/javascript/quiz/noname014.jpg?raw=true'>"
        ],
        "correct_answer": "3",
        "desc": "디스크 팩이 6장으로 구성되었을 때 사용하여 기록할 수 있는 면 수는 10입니다."
    },
    {
        "subject": "정보처리 기능사",
        "question": "번지(Address)로 지정된 저장위치(Storage Location)의 내용이 실제의 번지가 되는 주소지정번지는?",
        "incorrect_answers": [
            "간접지정번지",
            "완전지정번지",
            "상대지정번지"
        ],
        "correct_answer": "절대지정번지",
        "desc": "번지(Address)로 지정된 저장위치(Storage Location)의 내용이 실제의 번지가 되는 주소지정번지는 간접지정번지 입니다."
    },
    {
        "subject": "정보처리 기능사",
        "question": "2진수 0.1101을 10진수로 변환하면?",
        "incorrect_answers": [
            "0.875",
            "0.9375",
            "0.975"
        ],
        "correct_answer": "0.8125",
        "desc": "진수 0.1101을 10진수로 변환하면 0.8125입니다."
    },
    {
        "subject": "정보처리 기능사",
        "question": "0-주소 명령은 연산시 어떤 자료 구조를 이용하는가?",
        "incorrect_answers": [
            "TREE",
            "QUEUE",
            "DEQUE"
        ],
        "correct_answer": "STACK",
        "desc": "0-주소 명령은 연산시 STACK자료 구조를 이용합니다."
    },
    {
        "subject": "정보처리 기능사",
        "question": "이항(Binary) 연산에 해당하는 것은??",
        "incorrect_answers": [
            "COMPLEMENT",
            "ROTATE",
            "SHIFT"
        ],
        "correct_answer": "AND",
        "desc": "이항 연산에 해당하는것은 AND 입니다."
    },
    {
        "subject": "정보처리 기능사",
        "question": "채널(Channel)은 어느 곳에 위치하는가?",
        "incorrect_answers": [
            "주기억장치와 CPU의 중간에 위치한다.",
            "연산장치와 레지스터 중간에 위치한다.",
            "주기억장치와 보조기억장치의 양쪽에 위치한다."
        ],
        "correct_answer": "주기억장치와 입·출력장치의 중간에 위치한다.",
        "desc": "채널은 주기억장치와 입출력장치의 중간에 위치합니다."
    },
    {
        "subject": "정보처리 기능사",
        "question": "“NOR”회로에 대하여 바르게 설명된 것은?",
        "incorrect_answers": [
            "“OR”회로와 “NOT”회로의 분리회로",
            "“AND”회로와 “NOT”회로의 연결회로",
            "“YES”회로와 “NO”회로의 결합회로"
        ],
        "correct_answer": "“OR”회로와 “NOT”회로의 결합회로",
        "desc": "“NOR”회로에 대하여 바르게 설명된 것은 “OR”회로와 “NOT”회로의 결합회로 입니다."
    },
    {
        "subject": "정보처리 기능사",
        "question": "4매로 이루어진 디스크 팩에서 1면에 200개의 트랙을 사용할 수 있다고 할 때, 이 디스크팩의 사용 가능한 실린더는 모두 몇 개인가?",
        "incorrect_answers": [
            "100",
            "200",
            "800"
        ],
        "correct_answer": "400",
        "desc": "200개입니다."
    },
    {
        "subject": "정보처리 기능사",
        "question": "논리적 연산의 종류에 해당되지 않는 것은?",
        "incorrect_answers": [
            "AND",
            "OR",
            "Rotate"
        ],
        "correct_answer": "ADD",
        "desc": "ADD는 논리적연산자의 해당되지않습니다."
    },
    {
        "subject": "정보처리 기능사",
        "question": "기억장치의 종류에 해당되지 않는 메모리(Memory)는?",
        "incorrect_answers": [
            "ROM",
            "RAM",
            "EPROM"
        ],
        "correct_answer": "REM",
        "desc": "기억장치의 종류에 해당되지 않는 메모리(Memory)는 REM 입니다."
    },
    {
        "subject": "정보처리 기능사",
        "question": "다음 보기의 기호에 맞는 불(Boolean) 대수식은? <br> <img style='width:300px' src='https://github.com/dkseho9121/web2023/blob/main/javascript/quiz/noname053.gif?raw=true'>",
        "incorrect_answers": [
            "<img style='width:100px' src='https://github.com/dkseho9121/web2023/blob/main/javascript/quiz/noname31.gif?raw=true'>",
            "<img style='width:100px' src='https://github.com/dkseho9121/web2023/blob/main/javascript/quiz/noname32.gif?raw=true'>",
            "<img style='width:100px' src='https://github.com/dkseho9121/web2023/blob/main/javascript/quiz/noname33.gif?raw=true'>"
        ],
        "correct_answer": "<img style='width:100px' src='https://github.com/dkseho9121/web2023/blob/main/javascript/quiz/noname30.gif?raw=true'>",
        "desc": "ㅎㅎ"
    },
    {
        "subject": "정보처리 기능사",
        "question": "다음 중 플립플롭의 종류가 아닌 것은?",
        "incorrect_answers": [
            "R-S",
            "J-K",
            "D"
        ],
        "correct_answer": "R",
        "desc": "다음 중 플립플롭의 종류가 아닌 것은 R입니다."
    },
    {
        "subject": "정보처리 기능사",
        "question": "8개의 bit로 표현 가능한 정보의 최대 가지수는?",
        "incorrect_answers": [
            "255",
            "257",
            "258"
        ],
        "correct_answer": "256",
        "desc": "8개의 bit로 표현 가능한 정보의 최대 가지수는 256입니다."
    },
    {
        "subject": "정보처리 기능사",
        "question": "INSA(SNO, NAME) 테이블에서 SNO가 100인 튜플을 삭제하는 SQL 문은?",
        "incorrect_answers": [
            "REMOVE FROM INSA WHERE SNO = 100 ;",
            "DROP TABLE INSA WHERE SNO = 100 ;",
            "DESTROY INSA WHERE SNO = 100 ;"
        ],
        "correct_answer": "DELETE FROM INSA WHERE SNO = 100 ;",
        "desc": "INSA(SNO, NAME) 테이블에서 SNO가 100인 튜플을 삭제하는 SQL 문은 DELETE FROM INSA WHERE SNO = 100 ; 입니다.."
    },
    {
        "subject": "정보처리 기능사",
        "question": "아래 보기에서 설명하는 내용과 가장 가까운 데이터베이스는? <br> <img style='width:450px' src='https://github.com/dkseho9121/web2023/blob/main/javascript/quiz/noname01444.gif?raw=true'>",
        "incorrect_answers": [
            "네트워크형 데이터베이스",
            "계층형 데이터베이스",
            "객체 지향 데이터베이스"
        ],
        "correct_answer": "관계형 데이터베이스",
        "desc": "관계형 데이터베이스입니다."
    },
    {
        "subject": "정보처리 기능사",
        "question": "SQL 문의 형식 중 옳지 않은 것은?",
        "incorrect_answers": [
            "UPDATE - SET - WHERE",
            "DELETE - FROM - WHERE",
            "SELECT - FROM - WHERE"
        ],
        "correct_answer": "INSERT - SET - WHERE",
        "desc": "INSERT - SET - WHERE은 SQL문의 형식이 아닙니다."
    },
    {
        "subject": "정보처리 기능사",
        "question": "SQL에서 조건문을 기술할 수 있는 구문은?",
        "incorrect_answers": [
            "LIKE",
            "WHERE",
            "SELECT",
            "FROM"
        ],
        "correct_answer": "2",
        "desc": "SQL에서 조건문을 기술할 수 있는 구문은 WHERE 입니다."
    },
    {
        "subject": "정보처리 기능사",
        "question": "테이블 구조를 변경하는데 사용하는 SQL 명령은?",
        "incorrect_answers": [
            "CREATE TABLE",
            "DROP TABLE",
            "CREATE INDEX"
        ],
        "correct_answer": "ALTER TABLE",
        "desc": "테이블 구조를 변경하는데 사용하는 SQL 명령은 ALTER TABLE 입니다."
    },
    {
        "subject": "정보처리 기능사",
        "question": "데이터베이스를 활용하는 업무처리 프로그램의 개발시 개발 순서로 바른 것은?",
        "incorrect_answers": [
            "설계 - 업무분석 - 프로그램 개발 - 테스트 - 운용 및 보수유지",
            "프로그램 개발 - 설계 - 운용 및 보수유지 - 테스트 - 업무분석",
            "설계 - 업무분석 - 프로그램 개발 - 운용 및 보수유지 - 테스트"
        ],
        "correct_answer": "업무분석 - 설계 - 프로그램 개발 - 테스트 - 운용 및 보수유지",
        "desc": "업무분석 - 설계 - 프로그램 개발 - 테스트 - 운용 및 보수유지가 올바른 순서입니다."
    },
    {
        "subject": "정보처리 기능사",
        "question": "전자 회계장부라고 불리 우는 표 계산 프로그램을 의미하는 것은?",
        "incorrect_answers": [
            "Presentation",
            "Word Processor",
            "CAD Program"
        ],
        "correct_answer": "Spread Sheet",
        "desc": "Spread Sheet는 전자회계장부라고 불리웁니다."
    },
    {
        "subject": "정보처리 기능사",
        "question": "데이터베이스를 사용하는 경우의 장점이 아닌 것은?",
        "incorrect_answers": [
            "데이터의 무결성 유지",
            "데이터의 공용 사용",
            "데이터의 일관성 유지"
        ],
        "correct_answer": "데이터 중복의 최대화",
        "desc": "데이터베이스를 사용하는 경우의 장점이 아닌 것은 데이터공용사용입니다.."
    },
    {
        "subject": "정보처리 기능사",
        "question": "데이터베이스 구조를 3단계의 스키마로 나눌 경우 포함되지 않는 것은?",
        "incorrect_answers": [
            "외부 스키마",
            "개념 스키마",
            "내부 스키마"
        ],
        "correct_answer": "논리 스키마",
        "desc": "데이터베이스 구조를 3단계의 스키마로 나눌 경우 포함되지 않는 것은 논리스키마 입니다."
    },
    {
        "subject": "정보처리 기능사",
        "question": "프레젠테이션 프로그램을 사용하는 용도 중 가장 거리가 먼 것은?",
        "incorrect_answers": [
            "회사의 제품 선전용",
            "통계자료 작성",
            "강연회 준비"
        ],
        "correct_answer": "신제품 설명회",
        "desc": "프레젠테이션 프로그램을 사용하는 용도 중 가장 거리가 먼 것은 통계자료 작성입니다."
    },
    {
        "subject": "정보처리 기능사",
        "question": "아래 내용이 설명하는 Windows 98의 기능은? <br> HardWare should autom atically be detecter and installed by windows98",
        "incorrect_answers": [
            "Drag and Drop",
            "OLE(Object Linking and Embedding)",
            "DMA(Direct Memory Access)"
        ],
        "correct_answer": "PnP(Plug and Play)",
        "desc": "php는 위 보기 내용에서 설명하는 window98의 기능입니다."
    },
    {
        "subject": "정보처리 기능사",
        "question": "도스(MS-DOS)에서 Ctrl + Alt + Del 키를 눌러 재부팅 하였다. 이러한 재부팅 방법을 무엇이라 하는가?",
        "incorrect_answers": [
            "콜드 부팅 (Cold Booting)",
            "하드 부팅 (Hard Booting)",
            "핫 부팅 (Hot Booting)"
        ],
        "correct_answer": "웜 부팅 (Warm Booting)",
        "desc": "웜 부팅이란 Ctrl + Alt + Del 키를 눌러 재부팅 하는것을 의미합니다."
    },
    {
        "subject": "정보처리 기능사",
        "question": "운영체제의 구성 요소 중 프로세스를 생성, 실행, 중단, 소멸 시키는 것은?",
        "incorrect_answers": [
            "드라이버(Driver)",
            "에디터(Editor)",
            "풀러(Spooler)"
        ],
        "correct_answer": "스케줄러(Scheduler)",
        "desc": "운영체제의 구성 요소 중 프로세스를 생성, 실행, 중단, 소멸 시키는 것은 스케줄러 입니다."
    },
    {
        "subject": "정보처리 기능사",
        "question": "Windows 98의 시스템 도구 중 디스크의 손상된 부분을 점검하여 복구해 주는 것은?",
        "incorrect_answers": [
            "디스크 조각 모음",
            "디스크 공간 늘임",
            "디스크 압축"
        ],
        "correct_answer": "디스크 검사",
        "desc": "Windows 98의 시스템 도구 중 디스크의 손상된 부분을 점검하여 복구해 주는 것은 디스크검사라고합니다."
    },
    {
        "subject": "정보처리 기능사",
        "question": "Windows 98의 클립보드에 대한 설명으로 옳지 않은 것은?",
        "incorrect_answers": [
            "윈도에서 자료를 일시적으로 보관하는 장소를 제공한다",
            "가장 최근에 저장된 파일 하나만을 저장할 수 있다.",
            "클립보드에 현재화면 전체를 복사하는 기능 키는 Print Screen이다."
        ],
        "correct_answer": "선택된 대상을 클립보드에 오려두기를 할 때 사용되는 단축키는 Ctrl + V 이다.",
        "desc": "오려두기는 Ctrl + X 입니다."
    },
    {
        "subject": "정보처리 기능사",
        "question": "Unix에서 태스크 스케줄링(Task-Scheduling) 및 기억장치 관리(Memory Management) 등의 일을 수행하는 부분은?",
        "incorrect_answers": [
            "Shell",
            "Utility Program",
            "Application Program"
        ],
        "correct_answer": "Kernel",
        "desc": "Unix에서 태스크스케줄링 및 기억장치관리등의 일을 수행하는부분은 Kernel입니다."
    },
    {
        "subject": "정보처리 기능사",
        "question": "Windows 98에서 파일의 목록을 보는 방법으로서 적당하지 않은 것은?",
        "incorrect_answers": [
            "“내 컴퓨터”를 이용하여 파일의 목록을 볼 수 있다.",
            "“탐색기”를 이용하여 파일의 목록을 볼 수 있다.",
            "“파일관리자”를 이용하여 파일의 목록을 볼 수 있다."
        ],
        "correct_answer": "“작업표시줄”을 이용하여 파일의 목록을 볼 수 있다.",
        "desc": "Windows 98에서 파일의 목록을 보는 방법으로서 적당하지 않은 것은 “작업표시줄”을 이용하여 파일의 목록을 볼 수 있다.입니다."
    },
    {
        "subject": "정보처리 기능사",
        "question": "하드 디스크의 분할을 설정하고 논리적 드라이브 번호를 할당하는 DOS의 외부명령어는?",
        "incorrect_answers": [
            "CHKDSK",
            "RECOVER",
            "DISKCOMP"
        ],
        "correct_answer": "FDISK",
        "desc": "하드 디스크의 분할을 설정하고 논리적 드라이브 번호를 할당하는 DOS의 외부명령어는 FDISK입니다."
    },
    {
        "subject": "정보처리 기능사",
        "question": "Windows 98의 특징으로 거리가 먼 것은?",
        "incorrect_answers": [
            "Plug and Play 기능을 지원한다.",
            "인터넷 접속 기능이 있다.",
            "멀티 태스킹을 제공한다."
        ],
        "correct_answer": "16비트 운영체제이다.",
        "desc": "Windows 98의 특징으로 거리가 먼 것은 16비트 운영체제입니다."
    },
    {
        "subject": "정보처리 기능사",
        "question": "도스(MS-DOS)에서 파일의 이름을 알파벳 순으로 표시하는 명령어는?",
        "incorrect_answers": [
            "DIR/OS",
            "DIR/OA",
            "DIR/OD"
        ],
        "correct_answer": "DIR/ON",
        "desc": "도스(MS-DOS)에서 파일의 이름을 알파벳 순으로 표시하는 명령어는 DIR/ON"
    },
    {
        "subject": "정보처리 기능사",
        "question": "Which is not outer command at DOS?",
        "incorrect_answers": [
            "CHKDSK",
            "DISKCOPY",
            "SYS"
        ],
        "correct_answer": "PROMPT",
        "desc": "ㅎㅎ"
    },
    {
        "subject": "정보처리 기능사",
        "question": "업무처리를 실시간 시스템(Real-Time System)으로 처리할 필요가 없는 것은?",
        "incorrect_answers": [
            "적의 공중 공격에 대비하여 동시에 여러 지점을 감시하는 시스템",
            "가솔린 정련에서 온도가 너무 높이 올라가는 경우 폭발을 방지하기 위해 조치를 취하는 시스템",
            "교통 관리, 비행조정 등과 같은 외부 상태에 대한 신속한 제어를 목적으로 하는 시스템"
        ],
        "correct_answer": "고객명단 자료를 월 단위로 묶어 처리하는 시스템",
        "desc": "업무처리를 실시간 시스템(Real-Time System)으로 처리할 필요가 없는 것은 고객명단 자료를 월 단위로 묶어 처리하는 시스템"
    },
    {
        "subject": "정보처리 기능사",
        "question": "UNIX에서 입력시 사용되는 “Kill” 명령에 대한 설명으로 옳은 것은?",
        "incorrect_answers": [
            "마지막에 입력한 문자를 지운다.",
            "마지막에 입력한 단어를 지운다.",
            "새 줄의 입력을 위하여 한줄을 띄운다."
        ],
        "correct_answer": "한줄 전체를 지운다.",
        "desc": "UNIX에서 입력시 사용되는 “Kill” 명령에 대한 설명으로 옳은 것은 한줄 전체를 지운다."
    },
    {
        "subject": "정보처리 기능사",
        "question": "Windows 98에서 C 드라이브의 하드디스크 용량을 알고자 할 때, 옳지 않은 것은?",
        "incorrect_answers": [
            "“MS-DOS”로 들어가 CHKDSK를 실행한다.",
            "“내 컴퓨터”의 C 드라이브 등록정보를 찾는다.",
            "“Windows 탐색기”의 C 드라이브 등록정보를 찾는다."
        ],
        "correct_answer": "“제어판”의 시스템 아이콘을 클릭한다.",
        "desc": "Windows 98에서 C 드라이브의 하드디스크 용량을 알고자 할때 제어판의 시스템 아이콘을 클릭하는건 옳지않다."
    },
    {
        "subject": "정보처리 기능사",
        "question": "Windows 98에서 바탕화면에 있는 아이콘을 정렬하려고 할 때 기본적으로 제공하는 아이콘 정렬 방식이 아닌 것은?",
        "incorrect_answers": [
            "크기별 정렬",
            "자동 정렬",
            "종류별 정렬"
        ],
        "correct_answer": "계단식 정렬",
        "desc": "Windows 98에서 바탕화면에 있는 아이콘을 정렬하려고 할 때 기본적으로 제공하는 아이콘 정렬방식은 계단식 정렬입니다."
    },
    {
        "subject": "정보처리 기능사",
        "question": "UNIX 시스템에서 명령어 해석기에 해당하는 것은?",
        "incorrect_answers": [
            "커널(Kernel)",
            "유틸리티(Utility)",
            "응용 프로그램(Application Program)"
        ],
        "correct_answer": "셸(Shell)",
        "desc": "UNIX 시스템에서 명령어 해석기에 해당하는 것은 셸입니다."
    },
    {
        "subject": "정보처리 기능사",
        "question": "시스템의 날짜를 변경하거나, 확인할 수 있는 DOS 명령어는?",
        "incorrect_answers": [
            "TIME",
            "MD",
            "DEL"
        ],
        "correct_answer": "DATE",
        "desc": "시스템의 날짜를 변경하거나, 확인할 수 있는 DOS 명령어는 DATE 입니다."
    },
    {
        "subject": "정보처리 기능사",
        "question": "Windows 98에서 화면보호기의 설정은 어디에서 하는가?",
        "incorrect_answers": [
            "시스템",
            "멀티미디어",
            "내게 필요한 옵션"
        ],
        "correct_answer": "멀티미디어",
        "desc": "Windows 98에서 화면보호기의 설정은 디스플레이에서 합니다."
    },
    {
        "subject": "정보처리 기능사",
        "question": "Windows 98의 “제어판”에서 할 수 없는 작업은?",
        "incorrect_answers": [
            "마우스 환경설정",
            "시스템 날짜 변경",
            "프로그램 추가 및 삭제 필요한 옵션"
        ],
        "correct_answer": "그림 작성 및 수정",
        "desc": "Windows 98 제어판에서 그림 작성 및 수정은 불가능합니다."
    },
    {
        "subject": "정보처리 기능사",
        "question": "작업 수행 중 예기치 못한 돌발적인 사태가 발생하여 잠시 작업 수행을 멈추고 상황에 맞는 처리를 한 후, 다시 프로그램을 진행해 나가는 것을 의미하는 것은?",
        "incorrect_answers": [
            "스풀링",
            "폴링",
            "버퍼링"
        ],
        "correct_answer": "인터럽트",
        "desc": "작업 수행 중 예기치 못한 돌발적인 사태가 발생하여 잠시 작업 수행을 멈추고 상황에 맞는 처리를 한 후, 다시 프로그램을 진행해 나가는 것을 인터럽트라 칭합니다."
    },
    {
        "subject": "정보처리 기능사",
        "question": "우리나라의 무궁화위성과 같은 정지형 통신위성의 위치를 가장 적합하게 나타낸 것은?",
        "incorrect_answers": [
            "지상으로부터 약 15,000[km]",
            "지구의 북회귀선상으로부터 약 25,000[km]",
            "지구 극점으로부터 약 45,000[km]"
        ],
        "correct_answer": "지구 적도 상공 약 36,000[km]",
        "desc": "우리나라의 무궁화위성과 같은 정지형 통신위성의 위치는 지구 적도 상공 약36,000km 입니다."
    },
    {
        "subject": "정보처리 기능사",
        "question": "위상이 일정하고 진폭이 0[V]와 5[V] 2가지 변화로써 신호를 1200보오[Baud]의 속도로 전송할 때 매초당 비트수[bps]는?",
        "incorrect_answers": [
            "2400",
            "4800",
            "9600"
        ],
        "correct_answer": "1200",
        "desc": "위상이 일정하고 진폭이 0[V]와 5[V] 2가지 변화로써 신호를 1200보오[Baud]의 속도로 전송할 때 매초당 비트수[bps]는1200이다."
    },
    {
        "subject": "정보처리 기능사",
        "question": "광의 전반사와 관련하여 코어와 클래드의 굴절 계수 크기는?",
        "incorrect_answers": [
            "클래드의 굴절 계수가 코어쪽 보다 더 크다.",
            "코어와 클래드의 굴절 계수는 같다.",
            "광상태에 따라 다르다."
        ],
        "correct_answer": "코어의 굴절 계수가 클래드쪽 보다 더 크다.",
        "desc": "광의 전반사와 관련하여 코어와 클래드의 굴절 계수 크기는 코어의 굴절 계수가 클래드쪽 보다 더 크다."
    },
    {
        "subject": "정보처리 기능사",
        "question": "주파수분할 멀티플렉스(FDM)에 대한 설명으로 옳지 않은 것은?",
        "incorrect_answers": [
            "시분할 멀티플렉스에 비해 비교적 간단한 구조",
            "재생증폭기는 전체 채널에 하나만 필요",
            "진폭 등화를 동시에 수행"
        ],
        "correct_answer": "진폭편이 변조방식만을 사용",
        "desc": "주파수분할 멀티플렉스(FDM)에 대한 설명으로 옳지 않은 것은 진폭편이 변조방식만을 사용한것입니다."
    },
    {
        "subject": "정보처리 기능사",
        "question": "다음 중 변복조 장치를 구분하는데 가장 적합한 방식은?",
        "incorrect_answers": [
            "직렬 변복조 장치와 병렬 변복조 장치",
            "2선 변복조 장치와 4선 변복조 장치",
            "Half-Duplex 변복조 장치와 Full-Duplex 변복조 장치"
        ],
        "correct_answer": "비동기식 변복조 장치와 동기식 변복조 장치",
        "desc": "다음 중 변복조 장치를 구분하는데 가장 적합한 방식은 비동기식 변복조 장치와 동기식 변복조 장치방식입니다."
    },
    {
        "subject": "정보처리 기능사",
        "question": "다음 중 정보통신 관련 프로토콜에 해당되지 않는 것은?",
        "incorrect_answers": [
            "BSC",
            "SDLC",
            "HDLC"
        ],
        "correct_answer": "EBCDIC",
        "desc": "EBCDIC는 정보통신 관련 프로토콜에 해당되지 않습니다."
    },
    {
        "subject": "정보처리 기능사",
        "question": "정보통신회선을 멀티포인트(multipoint)로 구성할 때의 특성 설명으로 적합하지 않는 것은?",
        "incorrect_answers": [
            "회선경비가 증가한다.",
            "포트수가 증가한다",
            "변복조기의 대수가 증가한다."
        ],
        "correct_answer": "제어 소프트웨어가 간단하다.",
        "desc": "제어 소프트웨어가 간단한것은 정보통신회선을 멀티포인트(multipoint)로 구성할 때의 특성 설명으로 적합하지 않습니다. "
    },
    {
        "subject": "정보처리 기능사",
        "question": "정보통신 교환망에 해당되지 않는 것은?",
        "incorrect_answers": [
            " 회선 교환망",
            "메시지 교환망",
            "패킷 교환망"
        ],
        "correct_answer": "방송통신 교환망",
        "desc": "정보통신 교환망에 해당되지 않는 것은 방송통신 교환망입니다. "
    },
    {
        "subject": "정보처리 기능사",
        "question": "다음 중 통신신호세기의 레벨을 나타내는 단위로 적합한 것은?",
        "incorrect_answers": [
            "헤르츠[Hz]",
            "비피에스[bps]",
            "보오[Baud]"
        ],
        "correct_answer": "데시벨[㏈]",
        "desc": "다음 중 통신신호세기의 레벨을 나타내는 단위로 적합한 것은 데시벨입니다. "
    },
    {
        "subject": "정보처리 기능사",
        "question": "에러를 검출후 재전송(ARQ)하는 방식에 요구되는 사항으로 가장 적합하지 않은 것은?",
        "incorrect_answers": [
            "역채널이 존재하여야 한다.",
            "수신 블럭에 에러가 있으면 인터럽트(Interrupt)를 할 수 있어야 한다.",
            "전송중인 메세지를 가지고 있을 버퍼기억 장치가 필요하다."
        ],
        "correct_answer": "에러 검출 방식은 반드시 패리티 검사 코드를 이용한다.",
        "desc": "에러 검출 방식은 반드시 패리티 검사 코드를 이용하는 방식은 에러를 검출후 재전송(ARQ)하는 방식에 요구되는 사항으로 가장 적합하지 않습니다."
    }
]