[
    {
        "subject": "웹디자인기능사",
        "question": "색의 수축, 팽창의 효과에 가장 큰 영향을 주는 요소는?",
        "incorrect_answers": [
            "색약",
            "잔상",
            "중량"
        ],
        "correct_answer": "명도",
        "desc": "팽창색이란 실제보다 더 크게 보이는 색으로 명도나 채도가 높은 색은 실제보다 확산되어 보입니다.<br>반대로 수축색은 실제보다 더 작게 보이는 색으로 명도나 채도가 낮은 색이 이에 해당됩니다. 따라서 색의 수축과 팽창의 효과에 가장 큰 영향을 주는 요소는 명도나 채도."
    },
    {
        "subject": "웹디자인기능사",
        "question": "면(plane)에 대한 설명으로 틀린 것은?",
        "incorrect_answers": [
            "이동하는 선의 자취가 면을 이룬다.",
            "공간을 구성하는 단위이다.",
            "넓이는 있으나 두께는 없다."
        ],
        "correct_answer": "폭은 있으나 길이가 없다.",
        "desc": "면<br>-점의 확대, 선이 이동한 자취<br>-넓이는 존재하며, 두개는 없음<br>-입체를 생성하는 기본요소<br>느낌<br>-평면 기본적인 단순함 면, 간결한 느낌<br>-곡면 : 부르더움. 동적인 느낌"
    },
    {
        "subject": "웹디자인기능사",
        "question": "디자인에서 사용되는 용어 설명으로 잘못된 것은?",
        "incorrect_answers": [
            "2차원의 화면이나 형식 위에, 3차원의 공간에 존재하는 형(shape)이나 형태(form)를 표시하는 것을 투시(perspective)라 한다.",
            "점진적 변화, 규칙적 단계에 의해 진행되는 변화과정을 그라데이션(gradation)이라고 한다.",
            "시각적 영역 안에서 어떤 형이나 형태가 다른 형이나 형태를 부분적으로 덮어 감추어지는 현상을 중첩이라 한다."
        ],
        "correct_answer": "장소나 위치 또는 방위가 변화되는 과정이나 움직임을 시차(parallax)라고 한다.",
        "desc": "시차는 관측 위치에 따른 물체의 위치나 방향의 차이를 말한다."
    },
    {
        "subject": "웹디자인기능사",
        "question": "병원 수술실의 색채계획으로 가장 적당한 배색은?",
        "incorrect_answers": [
            "갈색계열",
            "무채색계열",
            "보라색계열"
        ],
        "correct_answer": "녹색계열",
        "desc": "녹색 계열의 색은 차분하고, 침착한 느낌을 주기 때문에 병원 수술실의 바닥이나 벽면, 의사의 수숭복의 배색으로 적당하다."
    },
    {
        "subject": "웹디자인기능사",
        "question": "색입체를 단순화한 각 부분의 명칭이 맞는 것은? (단, A는 입체의 상하, B는 입체의 가로방향, C는 입체의 둘레를 의미한다.",
        "incorrect_answers": [
            "A-색상, B-채도, C-명도",
            "A-채도, B-명도, C-색상",
            "A-명도, B-색상, C-채도"
        ],
        "correct_answer": "A-명도, B-채도, C-색상",
        "desc": "수직은 명도, 수평은 채도, 동심원은 색상을 의미한다.",
        "question_img": "img/20100705.png"
    },
    {
        "subject": "웹디자인기능사",
        "question": "기계화와 대량생산에 의한 생활용품의 품질 저하에 반대하여 윌리엄 모리스를 중심으로 영국에서 일어난 수공예 부흥 운동은?",
        "incorrect_answers": [
            "독일공작연맹운동",
            "미래파운동",
            "바우하우스"
        ],
        "correct_answer": "미술공예운동",
        "desc": "미술공예술운동은 19세기말 영국의 윌리엄 모리스에 의해 전개가 되었으며, 기계화와 대량 생산에 의한 생활용품의 품질 저하에 반대를 하였고, 수공예에 의한 아름다움 회복을 강조를 하였다.<br>그리고 독일공작연맹과 바우하우스, 아르누보에 영향을 끼치게 되었다."
    },
    {
        "subject": "웹디자인기능사",
        "question": "디자인 원리 중 균형(balance)에 해당하지 않는 것은?",
        "incorrect_answers": [
            "대칭",
            "비례",
            "주도와 종속"
        ],
        "correct_answer": "율동",
        "desc": "율동은 균형과 마찬가지로 디자인의 원리중 하나이다."
    },
    {
        "subject": "웹디자인기능사",
        "question": "디자인의 형식적 요소에 포함되지 않는 것은?",
        "incorrect_answers": [
            "형",
            "색",
            "질감"
        ],
        "correct_answer": "용도",
        "desc": "용도는 디자인의 형식적인 요소가 아닙니다."
    },
    {
        "subject": "웹디자인기능사",
        "question": "다음에 해당하는 디자인의 기본조건은?",
        "incorrect_answers": [
            "합목적성",
            "심미성",
            "경제성"
        ],
        "correct_answer": "독창성",
        "desc": "독창성이란 다른 제품과 차별화된 창조적이고 주목할만한 디자인을 의미한다.",
        "question_desc": "창조는 기존의 디자인을 바탕으로 보다 나은 디자인을 만드는 것이다."
    },
    {
        "subject": "웹디자인기능사",
        "question": "유채색에서 볼 수 있는 대비로 연속대비라고도 하며, 잔상 효과와 가장 밀접한 관련이 있는 것은?",
        "incorrect_answers": [
            "동시대비",
            "채도대비",
            "명도대비"
        ],
        "correct_answer": "계시대비",
        "desc": "계시대비(계속대비 또는 연속대비)<br>-먼저 본 색의 영향으로 나중에 보는 색이 시간적인 간격에 따라서 다르게 보이는 것으로 잔상 현상과 관계가 있다.<br>(예 : 빨강을 보다가 노랑을 보게 되면 황록색으로 보이게 된다)"
    },
    {
        "subject": "웹디자인기능사",
        "question": "그래픽 심벌(symbol)이 가져야 할 조건이 아닌 것은?",
        "incorrect_answers": [
            "대중성 및 사용의 편리성",
            "구성의 간결성",
            "세련된 디자인"
        ],
        "correct_answer": "디자인의 모호성",
        "desc": "디자인의 모호성은 가질 필요가 없습니다."
    },
    {
        "subject": "웹디자인기능사",
        "question": "다음이 설명하고 있는 색의 혼합은?",
        "incorrect_answers": [
            "감산 혼합",
            "중간 혼합",
            "회전 혼합"
        ],
        "correct_answer": "가산 혼합",
        "desc": "가산혼합은 플러스 혼합이라고도 한다.",
        "question_desc": "혼합된 색의 명도가 혼합 이전의 평균 명도보다 더 높아지는 경우를 말하며, 플러스(plus)혼합이라고도 한다."
    },
    {
        "subject": "웹디자인기능사",
        "question": "다음이 설명하고 있는 디자인 원리는?",
        "incorrect_answers": [
            "통일",
            "변화",
            "균형"
        ],
        "correct_answer": "조화",
        "desc": "조화는 부분과 부분 또는 부분과 전체 사이에 안정된 관련성을 주면서도 공감을 일으켜 성립되는 디자인의 원리이다.",
        "question_desc": "- 부분과 부분 또는 부분과 전체 사이에 안정된 관련성을 주면서도 공감을 일으켜 성립되는 디자인 원리, - 유사(similarity)와 대비(contrast)가 있다."
    },
    {
        "subject": "웹디자인기능사",
        "question": "다음 색광혼합의 2차 혼합 색으로(A)에 알맞은 색상은?<img src='img/20100714.png' alt='20100714'>",
        "incorrect_answers": [
            "흰색(white)",
            "시안(cyan)",
            "마젠타(matenta)"
        ],
        "correct_answer": "노랑(yellow)",
        "desc": "이건 마젠타를 나타낸다.",
        "question_img": "20100709.png"
    },
    {
        "subject": "웹디자인기능사",
        "question": "감산혼합에 사용되는 Cyan, Magenta, Yellow 의 3원색으로 만들 수 없는 색은??",
        "incorrect_answers": [
            "Blue",
            "Red",
            "Green"
        ],
        "correct_answer": "White",
        "desc": "감산혼합(subtractive mixing)은 색을 만들어가는 과정에서 빛을 감소시키는 방법으로, Cyan(시안), Magenta(마젠타), Yellow(노랑)의 3원색을 사용합니다.<br>이와 반대로 빛을 혼합하여 색을 만드는 방법을 가산혼합(additive mixing)이라고 합니다. 가산혼합에서는 Red(빨강), Green(초록), Blue(파랑)의 3원색을 사용합니다.<br>감산혼합에서 만들 수 없는 색은 바로 이 가산혼합에서 만들어지는 색입니다. 즉, Cyan, Magenta, Yellow의 3원색으로는 Red, Green, Blue의 3원색을 혼합하여 만들어지는 색(예: 파란색)을 만들 수 없습니다."
    },
    {
        "subject": "웹디자인기능사",
        "question": "제품 디자인 과정 중 「완성 예상도」라고도 하며 실물처럼 충실하고 정확히 표현하는 것을 무엇이라 하는가?",
        "incorrect_answers": [
            "드로잉(DRAWING)",
            "스케치(SKETCH)",
            "콤바인 페인팅(COMBINE PAINTING)"
        ],
        "correct_answer": "렌더링(RENDERING)",
        "desc": "제품 디자인 과정 중 완성 예상도를 실물처럼 충실하고 정확하게 표현하는 것을 3D 렌더링(3D rendering)이라고 합니다."
    },
    {
        "subject": "웹디자인기능사",
        "question": "다음과 가장 관계있는 디자인 원리는?<img src='img/20100717.png' alt='20100717'>",
        "incorrect_answers": [
            "조화",
            "통일",
            "점증"
        ],
        "correct_answer": "강조",
        "desc": "디자인원리 중 강조(emphasis)는 디자인 요소들 중에서 특정 요소를 강조하여 그것이 눈에 띄게 만드는 것을 말합니다.",
        "question_img": "20100709.png"
    },
    {
        "subject": "웹디자인기능사",
        "question": "색의 동시대비 중 색상대비에 대한 설명으로 틀린 것은?",
        "incorrect_answers": [
            "명도와 채도가 비슷한 두 가지 이상의 색이 인접해 있을 때 색상의 차이가 커 보이는 현상이다.",
            "색상대비는 보색일 경우에 더욱 크게 나타난다.",
            "자극이 약한 색상은 자극이 강한 색상에 영향을 받게 된다."
        ],
        "correct_answer": "색상이 가깝게 인접해 있을수록 대비현상이 약하게 나타나고, 서로 멀리 떨어지면 강하게 나타난다.",
        "desc": "대조 효과(contrast effect)에 관한 내용입니다."
    },
    {
        "subject": "웹디자인기능사",
        "question": "다음 그림에서 나타나는 착시 현상은?<img src='img/20100719.png' alt='20100719'>",
        "incorrect_answers": [
            "방향의 착시",
            "대비의 착시",
            "분할의 착시"
        ],
        "correct_answer": "길이의 착시",
        "desc": "길이의 착시(illusion of length)는 물체나 선분의 길이가 실제보다 길거나 짧게 인식되는 현상을 말합니다.",
        "question_img": "20100709.png"
    },
    {
        "subject": "웹디자인기능사",
        "question": "다음 ( )안에 알맞은 용어는?",
        "incorrect_answers": [
            "감마선",
            "적외선",
            "자외선"
        ],
        "correct_answer": "가시광선",
        "desc": "가시광선(Visible light)은 인간 눈에 보이는 전자기파의 일종으로, 주파수가 낮은 쪽에서는 적색에 가깝게 보이고, 주파수가 높은 쪽에서는 보라색에 가깝게 보입니다.",
        "question_desc": "보통 보라에서부터 빨강까지의 파장은 380mm에서 780mm의 범위이며, 이 범위는 우리 눈으로 관찰할 수 있기 때문에 이를 () 이라 한다."
    },
    {
        "subject": "웹디자인기능사",
        "question": "인터넷 검색엔진에 속하지 않는 것은?",
        "incorrect_answers": [
            "심마니(Simmani)",
            "알타비스타(Altavista)",
            "구글(Google)"
        ],
        "correct_answer": "오페라(Opera)",
        "desc": "Opera오페라는 웹브라우저."
    },
    {
        "subject": "웹디자인기능사",
        "question": "자바스크립트의 함수 중 사용자로부터 임의의 문자를 입력받기 위한 창을 화면에 띄워 입력한 문자열을 사용할 수 있도록 하는 것은?",
        "incorrect_answers": [
            "eval()",
            "confirm()",
            "alert()"
        ],
        "correct_answer": "prompt()",
        "desc": "자바스크립트에서 사용자로부터 임의의 문자열을 입력받기 위해서는 prompt() 함수를 사용할 수 있습니다."
    },
    {
        "subject": "웹디자인기능사",
        "question": "다음 중 국내 인터넷 역사에서 가장 나중에 이루어진 것은?",
        "incorrect_answers": [
            "연구망에서 인터넷 연결(HANA/SDN : 56kbps)",
            "서울대-KIET간 TCP/IP로 SDN구축",
            "교육연구망 구성(ARPANet, BITNet과 연결)"
        ],
        "correct_answer": "KT(한국통신)에서 본격적인 상용 접속 서비스 제공",
        "desc": "KT(한국통신)에서 본격적인 상용 접속 서비스 제공은 1982년에 이루어졌습니다.<br>KT는 한국의 통신사 중 가장 오래된 역사를 가지고 있다."
    },
    {
        "subject": "웹디자인기능사",
        "question": "개방형 시스템의 상호접속을 위한 참조모델로 ISO에서 제정한 것은?",
        "incorrect_answers": [
            "Kermit",
            "Proxy",
            "Archie"
        ],
        "correct_answer": "OSI 7 Layer",
        "desc": "OSI 7 Layer는 Open Systems Interconnection 7 Layer 모델로, 컴퓨터 네트워크에서 통신이 일어나는 과정을 7개의 레이어로 나누어 설명한 모델입니다.<br>이 모델은 국제표준화기구(ISO)에서 개발한 것으로, 네트워크 장비나 프로토콜 개발 등에서 참고되고 있습니다."
    },
    {
        "subject": "웹디자인기능사",
        "question": "다음 중 웹 브라우저의 기능이 아닌 것은?",
        "incorrect_answers": [
            "웹 페이지 열기",
            "자주 방문하는 URL의 기억 및 관리",
            "소스파일(HTML) 보기"
        ],
        "correct_answer": "실시간 동영상 캡쳐 및 전송",
        "desc": "웹 브라우저의 기능은 웹 페이지 검색, 웹페이지 표시, 쿠키와 캐시 관리, 보안 기능, 즐겨찾기, 탭 기능 등이 있다.<br>실시간 동영상 캡쳐 및 전송은 화면 녹화(Screen recording)와 실시간 영상 스트리밍(real-time video streaming) 기능을 결합한 것입니다."
    },
    {
        "subject": "웹디자인기능사",
        "question": "자바스크립트(Javascript)에 대한 설명으로 틀린 것은?",
        "incorrect_answers": [
            "자바스크립트를 지원하는 브라우저만 있으면 모든 운영체제에서 실행된다.",
            "자바스크립트 객체는 자신의 프로토타입 객체에 있는 프로퍼티를 상속 받는다.",
            "클라이언트측 자바스크립트는 HTML문서 내에 적용하여 브라우저를 제어하는데 사용된다."
        ],
        "correct_answer": "자바스크립트는 소스프로그램을 컴파일 한 후 HTML문서에 삽입한다.",
        "desc": "자바스크립트는 인터프리터 언어이기 때문에 컴파일을 하지 않고도 실행할 수 있습니다.<br>자바스크립트 소스 코드는 HTML 문서 내에 script 태그를 사용하여 삽입될 수 있습니다."
    },
    {
        "subject": "웹디자인기능사",
        "question": "HTML 문서의 시작과 끝을 표시하기 위해 사용되는 태그로 옳은 것은?",
        "incorrect_answers": [
            "&lt;T&gt; &lt;/T&gt;",
            "&lt;body&gt; &lt;/body&gt;",
            "&lt;link&gt; &lt;/link&gt;"
        ],
        "correct_answer": "&lt;html&gt; &lt;/html&gt;",
        "desc": "HTML 문서의 시작과 끝을 표시하기 위해 사용되는 태그는 &lt;DOCTYPE&gt; &lt;html&gt;과 &lt;html&gt; &lt;/html&gt;입니다."
    },
    {
        "subject": "웹디자인기능사",
        "question": "지역 간 또는 국가 간과 같이 지리적으로 완전하게 떨어진 곳을 연결한 통신망은?",
        "incorrect_answers": [
            "VAN",
            "MAN",
            "LAN"
        ],
        "correct_answer": "WAN",
        "desc": "역 간 또는 국가 간과 같이 지리적으로 완전하게 떨어진 곳을 연결한 통신망은 원격 지원용으로 사용되는 인터넷 VPN(Virtual Private Network)입니다."
    },
    {
        "subject": "웹디자인기능사",
        "question": "인터넷 사이트를 방문할 때 1024x768로 최적화 되어 있는 사이트를 방문할 때가 있다. 이 사이트는 전체 화면이 한 눈에 들어오지 않아 스크롤바를 이용하거나 해상도를 높여 한 화면으로 볼 수 있도록 한다. 이때, 해상도를 바꾸지 않고 화면을 확대하는 단축키는?",
        "incorrect_answers": [
            "F8",
            "F9",
            "F10"
        ],
        "correct_answer": "F11",
        "desc": "F11 키는 현재 브라우저 창을 전체화면 모드로 전환하는 단축키입니다.<br>이를 이용하면 전체 화면으로 사이트를 볼 수 있으므로, 해상도를 높이거나 스크롤바를 이용하지 않고 한 화면으로 보는 것이 가능합니다. "
    },
    {
        "subject": "웹디자인기능사",
        "question": "다음이 설명하고 있는 웹 페이지 저작도구는?",
        "incorrect_answers": [
            "드림위버",
            "자바스크립트",
            "포토샵"
        ],
        "correct_answer": "플래시",
        "desc": "플래시(Flash)는 Adobe(아도비)에서 개발한 멀티미디어 및 소프트웨어 플랫폼입니다.<br>웹 사이트에서 애니메이션, 게임, 음악, 동영상, 애플리케이션 등을 만들고 실행할 수 있습니다. ",
        "question_desc": "- 멀티미디어와 애니메이션 제작을 위한 드로잉 전문 프로그램, - 벡터 방식의 그래픽 처리를 통해 그래픽 파일의 크기를 최적화할 수 있고 웹상에서 실시간 전송 및 재생되는 스트리밍 기법을 통한 빠른 속도를 제공, - 다른 멀티미디어 저작도구와 달리 plug-in없이도 ActiveX, java 기술을 이용하여 실행 가능한 특징을 가지고 있음."
    },
    {
        "subject": "웹디자인기능사",
        "question": "동시 접속자 수가 많아서 서비스 요청에 응답할 수 없는 경우에 발생하는 웹 브라우저 오류메시지는?",
        "incorrect_answers": [
            "HTTP 406 Forbidden",
            "HTTP 404 Not Found",
            "HTTP 500 Internal Server Error"
        ],
        "correct_answer": "HTTP 503 Service Unavailable",
        "desc": "HTTP 503 Service Unavailable는 서버가 요청을 처리할 수 없는 상태임을 나타내는 HTTP 상태 코드입니다.<br>이는 일시적인 상황일 수 있으며, 서버가 과부하 상태이거나 유지 보수 작업 등으로 일시적으로 이용이 불가능한 경우에 발생할 수 있습니다."
    },
    {
        "subject": "웹디자인기능사",
        "question": "DHTML의 구성요소를 옳게 나열한 것은?",
        "incorrect_answers": [
            "HTML, JSS, JavaScript",
            "HTML, CSS, JSS, JavaScript",
            "HTML, CSS, JSS, JavaScript, VBScript"
        ],
        "correct_answer": "HTML, CSS, JavaScript",
        "desc": "DHTML(Dynamic HTML)은 HTML, CSS, JavaScript를 사용하여 동적이고 상호작용적인 웹 페이지를 만들 수 있는 기술입니다."
    },
    {
        "subject": "웹디자인기능사",
        "question": "자원을 해킹(hacking)으로부터 보호하기 위한 방법으로 틀린 것은?",
        "incorrect_answers": [
            "조직 내부의 네트워크를 보호하기 위해 방화벽을 설치하여 네트워크 보안을 강화한다.",
            "특정 자원을 사용할 필요가 있는 사용자에게는 필요한 권한만을 할당한다.",
            "보안상 문제가 알려진 서비스나 운영체제의 경우 제조사에서 제공하는 패치프로그램을 수시로 적용한다."
        ],
        "correct_answer": "조직 내부의 네트워크 컴퓨터들은 공용 IP 주소를 사용하고 외부와 연결되는 컴퓨터에만 개인용 IP 주소를 할당한다.",
        "desc": "보안을 강화하기 위해서는 조직 내부의 모든 컴퓨터에 개인용 IP 주소를 할당하는 것이 좋습니다."
    },
    {
        "subject": "웹디자인기능사",
        "question": "TCP/IP 프로토콜에 대한 설명으로 옳은 것은?",
        "incorrect_answers": [
            "IP는 에러를 검사하여 에러가 있을 때 송신측으로 재전송을 요구한다.",
            "TCP는 통신 경로를 담당한다.",
            "TCP/IP는 파일전송 프로토콜로써 재전송 기능이 없다."
        ],
        "correct_answer": "TCP/IP 프로토콜이 설치된 컴퓨터에서 인터넷을 이용할 수 있다.",
        "desc": "TCP/IP 프로토콜은 인터넷을 구성하는 핵심 프로토콜이며, 인터넷을 이용하기 위해서는 TCP/IP 프로토콜이 설치되어 있어야 합니다."
    },
    {
        "subject": "웹디자인기능사",
        "question": "HTML 태그 종류와 그 기능에 대한 설명으로 옳은 것은?",
        "incorrect_answers": [
            "&lt;CENTER&gt;&lt;/CENTER&gt; : 왼쪽 정렬을 한다.",
            "&lt;PRE&gt;&lt;/PRE&gt; : 기본 폰트의 크기를 지정한다.",
            "&lt;HN&gt;&lt;/HN&gt; : 그림을 삽입한다."
        ],
        "correct_answer": "&lt;I&gt;&lt;/I&gt; : 글자를 이탤릭(Italic)체로 지정한다.",
        "desc": "1. 텍스트나 이미지를 가운데 정렬합니다.<br>2. 텍스트를 이탤릭체로 표시합니다.<br>3.사전 서식을 사용하여 텍스트를 표시합니다. 미리 지정된 고정폭 글꼴을 사용하고, 공백이나 줄바꿈 등의 서식을 그대로 유지합니다.<br>4. HTML 문서에서 헤딩을 표시합니다. N은 숫자로 대체됩니다."
    },
    {
        "subject": "웹디자인기능사",
        "question": "검색엔진 ‘네이버’에 대한 설명으로 틀린 것은?(오류 신고가 접수된 문제입니다. 반드시 정답과 해설을 확인하시기 바랍니다.)",
        "incorrect_answers": [
            "키워드 검색 방식을 사용하고 있다.",
            "검색 탭 기능을 지원한다.",
            "웹 문서와 사이트뿐만 아니라 뉴스, 이미지 검색도 지원한다."
        ],
        "correct_answer": "검색어 배제(exclude) 연산자로 ‘-’를 사용한다.",
        "desc": "정답이 없습니다. 네이버는 연산자 -를 사용합니다. 네이버 검색어 배제 연산자 '-'를 사용 가능하므로 3번은 틀리지 않습니다."
    },
    {
        "subject": "웹디자인기능사",
        "question": "VRML(Virtual Reality Modeling Language)에 대한 설명으로 틀린 것은?",
        "incorrect_answers": [
            "VRML 은 상당한 인력과 고급 컴퓨터를 이용한 오랜 시간의 그래픽 렌더링이 필요한 프로그램 언어이다.",
            "VRML은 웹 상에 가상공간을 구축할 수 있게 함으로써 원격지의 사용자와 함께 가상공간을 공유할 수 있다.",
            "VRML은 HTML과의 결합뿐만 아니라, 기존의 실시간 멀티미디어 전송 기술과 자바 등의 새로운 언어 체계도 수용 할 수 있다."
        ],
        "correct_answer": "VRML은 그래픽 기능뿐만 아니라 텍스트, 이미지, 애니메이션, 사운드 등 각종 멀티미디어 데이터를 2차원적 공간에 통합하여 서로상호작용 할 수 있다.",
        "desc": "VRML은 3D 가상 공간을 모델링하기 위한 프로그래밍 언어로, 그래픽 렌더링을 위해 인력과 고급 컴퓨터가 필요한 경우가 있지만, 반드시 필요한 것은 아닙니다."
    },
    {
        "subject": "웹디자인기능사",
        "question": "자바스크립트에서 사용자의 특정한 행동에 대해 어떤 처리를 해줄 것인가를 정의하는 것은?",
        "incorrect_answers": [
            "event",
            "object",
            "event provider"
        ],
        "correct_answer": "event handler",
        "desc": "자바스크립트에서 사용자의 특정한 행동에 대해 어떤 처리를 해줄 것인가를 정의하는 것은 이벤트 핸들러(event handler)입니다.<br>이벤트 핸들러는 특정 이벤트가 발생하면 실행될 함수를 정의하는데 사용됩니다.<br>예를 들어, 버튼 클릭, 마우스 오버 등과 같은 이벤트가 발생했을 때, 이벤트 핸들러가 실행되어 그에 맞는 동작을 수행합니다."
    },
    {
        "subject": "웹디자인기능사",
        "question": "검색엔진의 유형 중 다른 검색엔진들과 연계하여 검색어를 찾는 방식은?",
        "incorrect_answers": [
            "웹 인덱스 검색엔진 방식",
            "웹 디렉터리 검색엔진 방식",
            "메뉴 검색엔진 방식"
        ],
        "correct_answer": "통합형 검색엔진 방식",
        "desc": "통합형 검색엔진 방식이다.<br>통합형 검색엔진은 여러 다른 검색엔진들의 검색결과를 종합하여 사용자에게 보여준다.<br>사용자는 한 곳에서 여러 검색엔진의 결과를 볼 수 있으므로 편리하다."
    },
    {
        "subject": "웹디자인기능사",
        "question": "동적 HTML에 대한 설명을 틀린 것은?",
        "incorrect_answers": [
            "홈페이지를 다이나믹하게 구성하기 위한 기법이다.",
            "기존의 HTML문서에 CSS 기능을 첨가하였다.",
            "기존의 HTML문서에 문서객체모델(DOM) 기능을 첨가하였다."
        ],
        "correct_answer": "기존 HTML에 정적인 화면을 만들어 주는 HTML이다.",
        "desc": "동적 HTML(DHTML)은 HTML, CSS, DOM 등을 활용하여 웹 페이지를 동적으로 구성하는 기법입니다.<br>반면 정적인 화면을 만들어 주는 HTML은 일반적인 HTML로서 동적인 요소가 없는 정적인 웹 페이지를 구성하는 기법입니다."
    },
    {
        "subject": "웹디자인기능사",
        "question": "웹 컬러 디자인의 목적과 거리가 가장 먼 것은?",
        "incorrect_answers": [
            "정보전달의 목적",
            "심미적인 목적",
            "상징적인 목적"
        ],
        "correct_answer": "레이아웃의 목적",
        "desc": "레이아웃의 목적과는 거리가 가장 멉니다."
    },
    {
        "subject": "웹디자인기능사",
        "question": "경향이나 흐름을 나타내는 말로서 디자인에서 유행추세를 나타내는 것은?",
        "incorrect_answers": [
            "스타일",
            "브랜드",
            "트레이드"
        ],
        "correct_answer": "트렌드",
        "desc": "정답은 트렌드이다."
    },
    {
        "subject": "웹디자인기능사",
        "question": "벡터(Vector)이미지에 대한 설명으로 틀린 것은?",
        "incorrect_answers": [
            "선과 도형으로 그린 이미지를 저장하는 방식이다.",
            "단순한 도형의 표현에 적합하다.",
            "이미지를 확대하거나 축소해도 손상이 없다."
        ],
        "correct_answer": "벡터기반 프로그램으로는 photoshop이 있다.",
        "desc": "비트맵 방식은 포토샵, 벡터방식은 일러스트"
    },
    {
        "subject": "웹디자인기능사",
        "question": "1인치당 픽셀의 수를 나타내는 단위는?",
        "incorrect_answers": [
            "LPI",
            "EPI",
            "DPI"
        ],
        "correct_answer": "PPI",
        "desc": "PPI : Pixel Per Inch"
    },
    {
        "subject": "웹디자인기능사",
        "question": "다음이 설명하고 있는 것은?",
        "incorrect_answers": [
            "CGI",
            "JAVA",
            "CSS"
        ],
        "correct_answer": "DHTML",
        "desc": "그렇다고 한다.",
        "question_desc": "- 기존 HTML의 단점을 개선하여 동적인 퓁페이지를 만들 수 있도록 하기 위한 기술, - 문서의 각 요소를 하나의 객체로서 위치와 스타일을 지정할 수 있고, 또한 사용자의 상호작용을 첨가하거나 움직임이 가능함., -자바 스크립트를 기반으로 함"
    },
    {
        "subject": "웹디자인기능사",
        "question": "오려낸 그림을 2차원 평면상에서 한 프레임씩 움직이면서 촬영하는 스톱 애니메이션을 말한다. 클레이 애니메이션이나 인형 애니메이션과 비슷하지만 3차원이 아닌 2차원이라는 점에서 구분되는 애니메이션은?",
        "incorrect_answers": [
            "셀 애니메이션",
            "종이 애니메이션",
            "모래 애니메이션"
        ],
        "correct_answer": "컷 아웃 애니메이션",
        "desc": "컷 아웃 애니메이션이다."
    },
    {
        "subject": "웹디자인기능사",
        "question": "내비게이션 디자인(Navigation design) 구조와 관계가 없는 것은?",
        "incorrect_answers": [
            "Grid structure",
            "Hierarchical structure",
            "Sequential structure"
        ],
        "correct_answer": "Protocol structure",
        "desc": "Protocol structure(프로토콜 구조)는 컴퓨터 네트워크에서 메시지의 형식, 구문 및 의미를 정의하는 규칙과 규격의 집합입니다."
    },
    {
        "subject": "웹디자인기능사",
        "question": "다음 설명과 같은 파일 포맷으로 옳은 것은? ",
        "incorrect_answers": [
            "GIF",
            "PNG",
            "TIFF"
        ],
        "correct_answer": "JPEG",
        "desc": "JPEG(Joint Photographic Experts Group)는 사진이나 복잡한 그림을 압축하는 데 많이 사용되는 이미지 파일 형식입니다. ",
        "question_desc": "- 24비트의 1600만여 가지의 색을 표현할 수 있어 연속적이고 섬세한 색 변화가 필요한 사진 이미지에 많이 쓰인다., -인터넷용은 물론 디지털 카메라와 같은 장비에도 표준적인 파일 포맷으로 주로 사용된다."
    },
    {
        "subject": "웹디자인기능사",
        "question": "컴퓨터 애니메이션에 대한 설명으로 틀린 것은?",
        "incorrect_answers": [
            "움직임이 없는 무생물이나 상상의 물체에 인위적인 조작을 가해 움직임을 주는 것을 말한다.",
            "애니메이션은 라틴어의 아니마투스(Animatus, 생명을 불어 넣다)에서 유래된 말이다.",
            "일련의 정지된 그림을 빠르게 연속시켜서 보여줌으로써 움직이는 것처럼 착각을 유도한다."
        ],
        "correct_answer": "인쇄용 광고 디자인 결과물을 만들어 낸다.",
        "desc": "인쇄용 광고 디자인 결과물을 만들어 내는 것은 컴퓨터 그래픽 디자인의 일부분이지만, 컴퓨터 애니메이션의 주요 목적은 움직이는 이미지를 만들어 내는 것입니다.<br>따라서 3번이 틀린 설명입니다."
    },
    {
        "subject": "웹디자인기능사",
        "question": "명령어를 일일이 입력하는 번거로움을 없애주며, 사용자들로 하여금 아이콘을 선택하여 원하는 프로그램을 실행할 수 있게 사용되는 컴퓨터 조작기법이 아닌 것은?",
        "incorrect_answers": [
            "포인팅",
            "클릭킹",
            "더블 클릭킹"
        ],
        "correct_answer": "드래깅",
        "desc": "드래깅은 사용자가 마우스나 터치패드 등을 사용하여 오브젝트나 텍스트 등을 선택한 후, 클릭한 상태에서 마우스나 터치패드 등을 이용하여 드래그하여 다른 위치로 이동시키는 조작 기법입니다.<br>이는 일종의 이동 기법으로, 명령어를 입력하는 기법은 아닙니다."
    },
    {
        "subject": "웹디자인기능사",
        "question": "웹 페이지에 들어갈 그림, 사진, 글자, 음악 등을 종이위에 표현하여 줄거리가 전개되듯이 표현하는 기법은?",
        "incorrect_answers": [
            "사이트 맵(site map)",
            "레이아웃(layout)",
            "내비게이션(navigation)"
        ],
        "correct_answer": "스토리보드(story board)",
        "desc": "스토리보드(storyboard)는 애니메이션, 영화, 광고 등 비주얼 미디어를 만들기 전에 대략적인 내용과 구성을 시각화하는 작업물입니다."
    },
    {
        "subject": "웹디자인기능사",
        "question": "로고(Logo)를 제작하기에 적합한 소프트웨어는?",
        "incorrect_answers": [
            "3D MAX",
            "Word Processor",
            "Edit Plus"
        ],
        "correct_answer": "Illustrator",
        "desc": "Illustrator는 Adobe사에서 개발한 벡터 기반의 그래픽 편집 프로그램입니다.<br>주로 로고, 아이콘, 일러스트, 패턴 등의 디자인 작업에 사용됩니다."
    },
    {
        "subject": "웹디자인기능사",
        "question": "동영상 관련 포맷 방식이 아닌 것은?",
        "incorrect_answers": [
            "*.asf",
            "*.avi",
            "*.rm"
        ],
        "correct_answer": "*.wav",
        "desc": ".wav는 Microsoft와 IBM에서 개발한 Waveform Audio File Format의 확장자로, 일반적으로 오디오 파일에 사용됩니다."
    },
    {
        "subject": "웹디자인기능사",
        "question": "웹에서 타이포를 이용한 애니메이션을 구현할 수 있는 프로그램으로 적절하지 않는 것은?",
        "incorrect_answers": [
            "Swish",
            "Flash",
            "Flax"
        ],
        "correct_answer": "Photoshop",
        "desc": "Photoshop은 이미지 편집 및 디자인에 특화된 프로그램으로, 타이포를 이용한 애니메이션을 구현하는 기능이 제공되지 않습니다."
    },
    {
        "subject": "웹디자인기능사",
        "question": "곡선(곡면)이나 사선(사면)을 표현할 때 바탕과 이미지 사이의 경계를 부드럽게 처리해 주는 것은?",
        "incorrect_answers": [
            "매핑",
            "앨리어싱",
            "디더링"
        ],
        "correct_answer": "안티앨리어싱",
        "desc": "안티앨리어싱(Anti-aliasing)은 디지털 그래픽에서 발생하는 계단 현상(직각으로 꺾인 경계선이 계단 형태로 보이는 현상)을 완화하기 위한 기술입니다.<br>이미지나 폰트의 경계선 주변에 부드럽게 색상을 적용하여 경계선이 부드럽게 연결되어 보이도록 하는 기술입니다."
    },
    {
        "subject": "웹디자인기능사",
        "question": "다음 설명과 같은 모델링 기법은? <img src='img/20100756.png' alt='20100756'>",
        "incorrect_answers": [
            "고체(Solid)",
            "표면(Surface)",
            "와이어 프레임(Wire Frame)"
        ],
        "correct_answer": "프랙탈(Fractal)",
        "desc": "프랙탈(Fractal)이다.",
        "question_desc": "- 단순한 모양에서 점차적으로 복잡한 형상을 구축해 나가는 기법, - 구름이나 바다 물결, 소용돌이, 담배연기, 산, 강 등을 표현하는 기법"
    },
    {
        "subject": "웹디자인기능사",
        "question": "바람직한 웹사이트 초기화면구성이라고 볼 수 있는 것은?",
        "incorrect_answers": [
            "JAVA applet을 많이 사용한다.",
            "웹사이트를 홍보할 수 있는 동영상을 게시한다.",
            "ActiveX를 많이 사용한다."
        ],
        "correct_answer": "자료를 테이블 화 시켜서 제시하였다.",
        "desc": "JAVA applet이나 ActiveX는 보안 취약점이 있기 때문에 현재는 사용이 권장되지 않습니다.<br>또한 웹사이트를 홍보할 수 있는 동영상은 초기 로딩 시간이 길어질 수 있으며, 모바일 기기에서는 데이터 소모가 높아지는 등의 문제점이 있을 수 있습니다."
    },
    {
        "subject": "웹디자인기능사",
        "question": "8랜덤 스캔 방식의 화면표시 장치의 특징으로 틀린 것은?",
        "incorrect_answers": [
            "그래픽스 명령어를 반복 실행하여 화면에 디스플레이 한다.",
            "화상을 이루고 있는 선분을 따라 전자빔을 쏘아 그린다.",
            "앨리어싱이 발생하지 않으므로 안티앨리어싱 처리가 불필요하다."
        ],
        "correct_answer": "프레임 버퍼의 크기가 클수록 고화질의 디스플레이가 가능하다.",
        "desc": "그렇다고 한다."
    },
    {
        "subject": "웹디자인기능사",
        "question": "다음 중 홈페이지 제작 및 관리 순서를 옳게 나열한 것은?",
        "incorrect_answers": [
            "ㄷ→ㄹ→ㄴ→ㅁ→ㅂ→ㄱ",
            "ㄷ→ㄹ→ㅁ→ㄴ→ㄱ→ㅂ",
            "ㅂ→ㄷ→ㄹ→ㄱ→ㄴ→ㅁ"
        ],
        "correct_answer": "ㅂ→ㄷ→ㄱ→ㄴ→ㅁ→ㄹ",
        "desc": "ㅂ→ㄷ→ㄱ→ㄴ→ㅁ→ㄹ순이다.",
        "question_desc": "ㄱ. 홈페이지 제작, ㄴ. 인터넷에 업로드, ㄷ. 자료 수집과 정리, ㄹ. 내용 갱신과 유지보수, ㅁ. 검색 엔진 등록과 홍보, ㅂ. 주제 결정과 구성도 작성"
    },
    {
        "subject": "웹디자인기능사",
        "question": "컴퓨터 그래픽스에 대한 포괄적인 의미로 가장 옳은 것은?",
        "incorrect_answers": [
            "컴퓨터를 이용하여 데이터를 압축하는 기술",
            "컴퓨터를 이용하여 데이터 신호를 전달하는 기술",
            "컴퓨터를 이용한 정보처리 및 분산하는 기술"
        ],
        "correct_answer": "컴퓨터에 사용되는 모든 이미지와 영상을 다루는 기술",
        "desc": "컴퓨터 그래픽스는 컴퓨터를 사용하여 기하학적인 모양, 영상, 애니메이션 등을 생성, 수정, 조작, 저장 및 표현하는 기술을 포괄적으로 말합니다."
    }
]