[
    {
        "subject": "디자인 일반",
        "question": "다음 중 디자인의 조건에 해당하지 않는 것은?",
        "correct_answer": "유통성",
        "incorrect_answers": [
            "합목적성",
            "심미성",
            "경제성"
        ],
        "desc": "디자인의 조건에 해당하지 않는 것은 유통성이다."
    },
    {
        "subject": "디자인 일반",
        "question": "물리적인 빛이 우리의 눈에서 색채로 지각되어 범위의 파장 한계 내에 있는 스펙트럼을 의미하는 것은?",
        "correct_answer": "가시광선",
        "incorrect_answers": [
            "색청",
            "색각",
            "지각색"
        ],
        "desc": "물리적인 빛이 우리의 눈에서 색채로 지각되어 범위의 파장 한계 내에 있는 스펙트럼을 의미하는 것은 가시광선이다."
    },
    {
        "subject": "디자인 일반",
        "question": "미술공예운동이 일어나게 된 사회적 배경으로 옳은 것은?",
        "correct_answer": "기계화와 대량생산으로 인한 생활용품의 품질저하",
        "incorrect_answers": [
            "기계화에 의한 장비설치로 생활용품의 가격 폭등",
            "기계화로 생활용품에 화려하고 복잡한 장식을 사용할 수 없게 됨",
            "대량생산으로 생활용품의 대중화"
        ],
        "desc": "미술공예운동이 일어나게 된 사회적 배경은 기계화와 대량생산으로 인한 생활용품의 품질저하다."
    },
    {
        "subject": "디자인 일반",
        "question": "다음이 설명하고 있는 색의 혼합은?",
        "question_desc": "- 영과 헬름홀츠가 처음으로 발표한 학설이다.<br>- 색광의 3원색인 RGB 혼합이다.<br>- 혼합할 수록 밝아지는 혼합이며, 플러스혼합이라고도 한다.<br>- 다른 색광을 혼합해서 다시 원색을 만들 수 있다.",
        "correct_answer": "가산 혼합",
        "incorrect_answers": [
            "감산 혼합",
            "병치 혼합",
            "중간 혼합"
        ],
        "desc": "감산혼합=감색혼합=감법혼합=색료혼합은 색의 3원색 사이언, 마젠타, 옐로우를 섞어 색을 만드는 방식을 말한다. CYM 혼합, 색료혼합이라고도 한다."
    },
    {
        "subject": "디자인 일반",
        "question": "다음이 설명하고 있는 것은?",
        "question_desc": "- 빛을 감지할 수 있는 하나의 수단이다.<br>- 물리적 반사 법칙에 의해 정확하고 엄밀한 투사광과 반사광으로 구성된 과학적 결과이다.",
        "correct_answer": "음영",
        "incorrect_answers": [
            "색채",
            "시지각",
            "형태"
        ],
        "desc": "음영은 빛을 감지하는 수단이며 투사광, 반사광으로 구성되어있다."
    },
    {
        "subject": "디자인 일반",
        "question": "주전자, 냉장고, 자동차를 디자인하는 디자인 영역은?",
        "correct_answer": "제품디자인",
        "incorrect_answers": [
            "패션디자인",
            "시각디자인",
            "환경디자인"
        ],
        "desc": "제품을 디자인하는 것은 제품디자인이다."
    },
    {
        "subject": "디자인 일반",
        "question": "따뜻한 색채는 차가운 색채와 함께 있을 때 더욱 따뜻하게 느껴지고, 차가운 색채도 따뜻한 색채와 함께 있을 때 더욱 호소력이 강해지는 색의 대비로 옳은 것은?",
        "correct_answer": "한난대비",
        "incorrect_answers": [
            "채도대비",
            "계시대비",
            "명도대비"
        ],
        "desc": "채도대비 : 채도가 다른 두 색의 영향에 의해 채도차가 크게 느껴지는 현상<br>계시대비 : 특정 색을 본 후 시간차를 두고 다른 색을 보았을 때 먼저 본 색의 영향을 받아 뒤에 본 색이 다르게 보이는 현상<br>명도대비 : 명도가 다른 두색의 영향에 의해 명도차가 다르게 지각되는 현상"
    },
    {
        "subject": "디자인 일반",
        "question": "선(Line)에 대한 설명으로 바른 것은?",
        "correct_answer": "고딕 건축의 고결함은 수직선을 대표한다.",
        "incorrect_answers": [
            "면의 한계나 교차에 의해 생기는 선은 적극적인 선이다.",
            "수평선은 고결, 희망, 상승감을 나타낸다.",
            "점과 점이 이어져 생기는 선은 소극적인 선이다."
        ],
        "desc": "1번- 소극적선의 설명.<br>2번- 수직선의 설명.<br>3번- 적극적선의 설명."
    },
    {
        "subject": "디자인 일반",
        "question": "다음 두 개의 꽃 모양 중심에 있는 원의 실제 크기는 동일하다. 그런데 위쪽의 원이 아래쪽보다 커 보이는 현상은?",
        "question_img": "gineungsaWD2014_04_01",
        "correct_answer": "주변과의 대비에 의한 착시현상",
        "incorrect_answers": [
            "원근에 의한 착시현상",
            "폐쇄원리에 의한 착시현상",
            "연속원리에 의한 착시현상"
        ],
        "desc": "이건 암기 레츠기릿"
    },
    {
        "subject": "디자인 일반",
        "question": "다음이 설명하고 있는 디자인 원리는?",
        "question_desc": "- 구성형식에서 중요한 역할을 한다.<br>- 부피, 중량 등 물리적인 구조와 색체에서 시각적인 안정감을 이룬 것을 말한다.<br>- 크게 대칭과 비대칭, 방사대칭으로 구분할 수 있다.",
        "correct_answer": "균형",
        "incorrect_answers": [
            "반복",
            "조화",
            "대비"
        ],
        "desc": "균형 - 물리적 구조와 색체에서 시각적인 안정감을 주는것"
    },
    {
        "subject": "디자인 일반",
        "question": "색의 3속성에 포함되지 않는 것은?",
        "correct_answer": "대비",
        "incorrect_answers": [
            "색상",
            "명도",
            "채도"
        ],
        "desc": "색의 3속성 : Hue 색상 Value 명도 Chroma 채도 입니다."
    },
    {
        "subject": "디자인 일반",
        "question": "촉각적 질감에 대한 설명으로 틀린 것은?",
        "correct_answer": "촉각적 질감에는 장식적 질감, 자연적 질감, 기계적 질감이 있다.",
        "incorrect_answers": [
            "촉각적 질감은 눈으로 볼 수 있을 뿐 아니라 손으로 만져서 느낄 수 있는 질감이다.",
            "촉각적 질감은 2차원 디자인의 표면과 함께 3차원의 양각(relief)으로 확대하는 것이다.",
            "촉각적 질감의 연출방법에는 자연재료사용, 재료변형, 재료복합 등이 있다."
        ],
        "desc": "촉각적 질감에는 시각적 질감, 자연적 질감, 기계적 질감이 있다."
    },
    {
        "subject": "디자인 일반",
        "question": "다음 설명에 해당하는 조형운동이자 사회운동은?",
        "question_desc": "- 1910년에서 1935년 사이에 러시아 (구 소련)에서 일어난 새로운 조형 운동으로 조형의 추상성과 기하학적 간결함, 형태의 경제성에 입각한 디자인을 추구하였으나, 스탈린의 탄압으로 종결되었다.",
        "correct_answer": "구성주의",
        "incorrect_answers": [
            "기능주의",
            "역사주의",
            "미래주의"
        ],
        "desc": "구성주의 - 급진적이고 소련에서 일어납니다."
    },
    {
        "subject": "디자인 일반",
        "question": "주의를 의미하며 주의표시, 돌출부위 계단의 위험요소를 나타내는 색으로 적당한 것은?",
        "correct_answer": "황색",
        "incorrect_answers": [
            "적색",
            "녹색",
            "적자색"
        ],
        "desc": "적색은 위험상황을 나타내는 색<br>황색는 주의의 의미를 나타내는 색<br>녹색은 안전, 피난, 위생, 구호, 진행의 의미를 나타내는 색<br>적자색은 방사능을 나타내는 색"
    },
    {
        "subject": "디자인 일반",
        "question": "다음 중 디자인의 의미에 관한 설명으로 틀린 것은?",
        "correct_answer": "1940년대 당시 근대 사상에 입각하여 바우하우스에서디자인 이념을 세우고 디자인(design)이라는 용어를 처음 사용하였다.",
        "incorrect_answers": [
            "디자인이란 일반적으로 하나의 그림 또는 모형으로써 그것을 전개시키는 계획 및 설계라고 할 수 있다.",
            "디자인 행위란 인간이 좀더 사용하기 쉽고, 아름답고 쾌적한 생활환경을 창조하는 조형 행위를 말한다.",
            "프랑스어의 데생(dessin)과 같은 어원으로, 르네상스 시대 이후 오랫동안 데생과 같이 가벼운 의미로 사용"
        ],
        "desc": "디자인이라는 용어는 1920~1930년대 근대 디자인 운동 이후부터 사용하였다."
    },
    {
        "subject": "디자인 일반",
        "question": "V(디자인가치) = P(성능)/C(비용) 와 관계있는 디자인 조건은?",
        "correct_answer": "경제성",
        "incorrect_answers": [
            "합목적성",
            "심미성",
            "독창성"
        ],
        "desc": "V(디자인가치) = P(성능)/C(비용) 와 관계있는 디자인 조건은 경제성이다."
    },
    {
        "subject": "디자인 일반",
        "question": "컬러 인쇄를 위해 C, M, Y, K 4색의 네거필름으로 만드는 과정을 무엇이라 하는가?",
        "correct_answer": "색분해",
        "incorrect_answers": [
            "색필터",
            "색도도",
            "색수정"
        ],
        "desc": "[색분해=컬러분해]<br>컬러인쇄를 하기 위해 원고로부터 4색(C,M,Y,K)으로 가른 네거티브를 만드는일"
    },
    {
        "subject": "디자인 일반",
        "question": "다음 형태(form) 중 반드시 수학적 법칙과 함께 생기며, 가장 뚜렷한 질서를 갖는 것은?",
        "correct_answer": "기하학적 형태",
        "incorrect_answers": [
            "유기적 형태",
            "내부적 형태",
            "자연적 형태"
        ],
        "desc": "다음 형태(form) 중 반드시 수학적 법칙과 함께 생기며, 가장 뚜렷한 질서를 갖는 것은 기하학적 형태이다."
    },
    {
        "subject": "디자인 일반",
        "question": "배색을 할 때 고려해야하는 사항으로 적절하지 않은 것은?",
        "correct_answer": "목적에 관계없이 아름다움을 우선으로 하고 타 제품에 비해 준에 띄는 색으로 배색하여야 한다.",
        "incorrect_answers": [
            "사물의 성능이나 기능에 부합되는 배색을 하여 주변과 어울릴 수 있도록 한다.",
            "사용자 성별, 연령을 고려하여 편안한 느낌을 가질 수 있도록 한다.",
            "색의 이미지를 통해서 전달하려는 목적이나 기능을 기준으로 배색한다."
        ],
        "desc": "배색을 할 때는 목적에 알맞은 색으로 배색하는 것이 바람직합니다."
    },
    {
        "subject": "디자인 일반",
        "question": "색의 점이(점증)는 디자인의 원리 중 어느 영역에 속하는가?",
        "correct_answer": "율동",
        "incorrect_answers": [
            "통일",
            "반복",
            "조화"
        ],
        "desc": "율동의 원리 : 반복 , 방사 , 점이(점증) , 교차"
    },
    {
        "subject": "인터넷 일반",
        "question": "웹브라우저에 대한 설명으로 잘못된 것은?",
        "correct_answer": "도스(DOS) 운영체제에서 사용할 수 있는 웹브라우저로 모자이크(Mosaic)가 있다.",
        "incorrect_answers": [
            "인터넷 망에서 정보를 검색하는데 사용되는 응용 프로그램이다.",
            "웹브라우저는 하이퍼텍스트 문서를 읽는 프로그램이다.",
            "대표적인 웹브라우저로는 인터넷 익스플로러 등이 있다."
        ],
        "desc": "-텍스트용 웹브라우즈 : 삼바, 링스<br>-도스용 웹브라우즈 : 아라크네<br>-윈도우용 웹브라우즈 : 모자이크, 인터넷익스플로어, 크롬,오페라, 사파리, 파이어폭스<br>*모자이크 : 최초의 그래픽 웹브라우저"
    },
    {
        "subject": "인터넷 일반",
        "question": "전자우편 서비스 헤더 중 숨은 참조자를 나타내는 것은?",
        "correct_answer": "Bcc",
        "incorrect_answers": [
            "Rcc",
            "Bc",
            "Cc"
        ],
        "desc": "-name 보내는사람<br>date   날자<br>from   보내는이<br>to       받는이<br>subject  주제<br>cc       참조자<br>bcc      숨은 참조자"
    },
    {
        "subject": "인터넷 일반",
        "question": "HTML 태그 중 문자의 굵기나 크기, 강조, 색상 등과 관련이 없는 태그는?",
        "correct_answer": "&lt;HR&gt;",
        "incorrect_answers": [
            "&lt;B&gt;",
            "&lt;U&gt;",
            "&lt;SUB&gt;"
        ],
        "desc": "&lt;B&gt;:굵게<br>&lt;U&gt;:밑줄표시<br>&lt;SUB&gt;:아래첨자표시<br>&lt;HR&gt;:수평선"
    },
    {
        "subject": "인터넷 일반",
        "question": "다음이 설명하고 있는 웹페이지 저작도구는?",
        "question_desc": "- 멀티미디어와 애니메이션 제작을 위한 드로잉 전문 프로그램<br>- 벡터 방식의 그래픽 처리를 통해 그래픽 파일의 크기를 최적화할 수 있고 웹상에서 실시간 전송 및 재생되는 스트리밍 기법을 통한 빠른 속도를 제공<br>- 다른 멀티미디어 저작도구와 달리 Plug-in 없이도 Active X, Java 기술을 이용하여 실행 가능한 특징을 가지고 있음",
        "correct_answer": "플래시",
        "incorrect_answers": [
            "드림위버",
            "자바스크립트",
            "포토샵"
        ],
        "desc": "벡터 방식의 그래픽 처리를 통해 그래픽 파일의 크기를 최적화할 수 있고 웹상에서 실시간 전송 및 재생되는 스트리밍 기법을 통한 빠른 속도를 제공하는 것은 플래시이다."
    },
    {
        "subject": "인터넷 일반",
        "question": "웹 서버에서 동작하고, 클라이언트의 요청에 따라 데이터를 가공하여 새로운 결과 문서를 반환하는데 사용되는 스크립트 언어로 적당하지 않은 것은?",
        "correct_answer": "CSS",
        "incorrect_answers": [
            "ASP",
            "PHP",
            "JSP"
        ],
        "desc": "웹프로그래밍에 사용되는 언어에는 웹브라우저에서 직접 실행하는 HTML, CSS, Javascript가 있고, 웹서버 측에서 번역(Parse)되어 실행되며 주로 게시판, 회원관리 등을 처리하는 ASP, PHP, JSP, Perl 등의 언어가 있으며, 데이터베이스를 조작하기 위한 SQL이 있습니다."
    },
    {
        "subject": "인터넷 일반",
        "question": "8비트씩 4개의 옷텟, 총 32비트로 구성된 IP 주소 체계는?",
        "correct_answer": "IPv4",
        "incorrect_answers": [
            "IPv3",
            "IPv5",
            "IPv6"
        ],
        "desc": "IPv4 : 8비트씩 4개 = 32비트<br>IPv6 : 16비씩 8개 = 128비트"
    },
    {
        "subject": "인터넷 일반",
        "question": "인터넷의 역사에 대한 설명과 해당연도가 틀린 것은?",
        "correct_answer": "1990년 : NSFNET이 해체되고 ARPANET 중심으로 성장",
        "incorrect_answers": [
            "1969년 : 미 국방성의 ARPANET 탄생",
            "1984년 : DNS 개념 도입",
            "1993년 : INTERNIC 설립"
        ],
        "desc": "ARPANET이 해체되고  NSFNET중심으로 성장하였다."
    },
    {
        "subject": "인터넷 일반",
        "question": "HTML 태그의 특징에 대해 옳은 것은?",
        "correct_answer": "태그 안에 속성을 정의할 수 있다.",
        "incorrect_answers": [
            "시작 태그는 있으나 종료 태그는 없다.",
            "대소문자 구별을 명확히 해야 한다.",
            "들여쓰기가 가능하며 웹 브라우저에서 들여쓰기가 적용된다."
        ],
        "desc": "1.보통 시작태그와 종료태그로 구성되어있으나 종료태그가 없는 것도 있다.<br>2.대소문자 구별을 하지 않아도 된다<br>3.들여쓰기나 줄바꿈을 해도 화면상에는 나타나지 않는다"
    },
    {
        "subject": "인터넷 일반",
        "question": "인터넷(Internet) 광고의 특징이 아닌 것은?",
        "correct_answer": "디지털 매체이므로 광고 내용의 수정은 쉽지 않다",
        "incorrect_answers": [
            "광고에 대한 효과를 실시간으로 확인 가능하다.",
            "초기 광고제작 단가가 타 매체에 비해 저렴하다.",
            "기존 매체에 비해 더욱 명확한 타겟(Target) 마케팅이 이루어진다."
        ],
        "desc": "인터넷 광고는 디지털 매체로 광고 내용의 수정이 쉽습니다"
    },
    {
        "subject": "인터넷 일반",
        "question": "네트워크에 연결된 시스템의 논리주소를 물리주소로 변환시켜 주는 프로토콜은?",
        "correct_answer": "FTP",
        "incorrect_answers": [
            "TCP",
            "IP",
            "ARP"
        ],
        "desc": "주소 결정 프로토콜(Address Resolution Protocol, ARP)"
    },
    {
        "subject": "인터넷 일반",
        "question": "웹 서비스에 대한 설명이 틀린 것은?",
        "correct_answer": "명령어 기반 인터페이스를 제공하여 초보자도 쉽게 이용할 수 있다.",
        "incorrect_answers": [
            "하이퍼미디어 기술을 통하여 정보 교류나 정보 검색을 수행한다.",
            "웹 페이지들은 링크로 연결되어 원하는 정보로 쉽게 이동할 수 있다.",
            "문자와 이미지, 음성, 동영상 등의 멀티미디어 서비스를 제공한다."
        ],
        "desc": "명령어 기반이 아니라 그래픽 기반입니다."
    },
    {
        "subject": "인터넷 일반",
        "question": "자바스크립트에서 변수명으로 선언할 수 없는 것은?",
        "correct_answer": "2cond_name",
        "incorrect_answers": [
            "menu_7",
            "total",
            "_regnumber"
        ],
        "desc": "자바스크립트에서 변수명 첫글자는 영문자나 (_)언더바로 시작할수는 있으나 숫자로는 시작할 수 없다."
    },
    {
        "subject": "인터넷 일반",
        "question": "일반적으로 검색 엔진에 inter* 라고 입력했을 때 검색될 수 없는 정보는?",
        "correct_answer": "intranet",
        "incorrect_answers": [
            "internet",
            "international",
            "intercept"
        ],
        "desc": "연산자 * 은 검색어를 포함하는 결과를 찾아주는 것입니다.<br>4번은 inter가 들어가있지 않으므로 오답입니다."
    },
    {
        "subject": "인터넷 일반",
        "question": "&lt;a href='http://www.hrdkorea.or.kr' target='ⓐ'&gt;에서 ⓐ에나타날 수 있는 값과 그에 대한 설명이 틀린 것은?",
        "correct_answer": " _parent : 링크된 문서를 창 전체에 보여준다.",
        "incorrect_answers": [
            " _blank : 링크된 문서를 새 창에 보여준다",
            "_self : 링크된 문서를 하이퍼링크가 있던 현재 프레임에 보여준다.",
            "_top : 링크된 문서를 창 전체에 보여준다."
        ],
        "desc": "a.target='_self' : (default) 현재창에 표시<br>area.target='_blank' : 새로운 창에 표시<br>base.target='_parent' : 부모창에 표시<br>form.target='_top' : 윈도우 최상위에 표시"
    },
    {
        "subject": "인터넷 일반",
        "question": "자바스크립트의 Document 객체에서 화면에 글자를 출력하기 위해 사용하는 함수는?",
        "correct_answer": "write()",
        "incorrect_answers": [
            "print()",
            "insert()",
            "input()"
        ],
        "desc": "자바스크립트의 Document 객체에서 화면에 글자를 출력하기 위해 사용하는 함수는 write()입니다."
    },
    {
        "subject": "인터넷 일반",
        "question": "웹 페이지를 디자인 할 때고려해야 할 사항으로 틀린 것은?",
        "correct_answer": "사용자의 경험이나 학력, 언어능력 또는 집중력 정도에 차이를 두어 사용자 개개인 별로 난이도에 맞게 디자인한다.",
        "incorrect_answers": [
            "사용자 개개인의 선호도나 사용수준에 맞춰 누구라도 쉽게 사용할 수 있도록 디자인 한다.",
            "사용자가 우연한 또는 의도하지 않은 선택의 결과로 어려움에 빠지는 경우를 최소화하도록 디자인한다.",
            "사용자에게 필요한 정보를 효과적으로 전달하도록 디자인 한다."
        ],
        "desc": "사용자의 경험이나 학력, 언어능력 또는 집중력 정도에 차이를 두어 사용자 개개인 별로 난이도에 맞게 디자인하지 않는다.그건 아님"
    },
    {
        "subject": "인터넷 일반",
        "question": "위지웍(WYSIWYG) 기반의 웹 에디터가 아닌 것은?",
        "correct_answer": "Ultra Edit",
        "incorrect_answers": [
            "Namo Web Editor",
            "Front Page",
            "Netscape Composer"
        ],
        "desc": "WYSIWYG(What You See Is What You Get)은 워드프로세서 프로그램 처럼 텍스트, 이미지, 멀티미디어를 문서작성하듯 직접 삽입하고. 링크를 설정할 수 있는 형태의 프로그램이다. 나모 웹에디터, 프론트 페이지, 넷스케이프 컴포저는 현재(2021년) 거의 사용되지 않고 있으며, 드림위버가 꾸준히 사용되고 있으나, 모바일의 영향으로 웹의 경량화, 반응형 웹, 크로스 브라우징 등 CSS와 Javascipt의 영향력이 커짐에 따라 텍스트 에디터들이 강세를 보이고 있다."
    },
    {
        "subject": "인터넷 일반",
        "question": "OSI 7계층에 해당하지 않는 것은?",
        "correct_answer": "인터넷 계층",
        "incorrect_answers": [
            "물리 계층",
            "네트워크 계층",
            "전송 계층"
        ],
        "desc": "7. 응용 계층<br>6. 표현 계층 <br>5. 세션 계층 <br>4. 전송 계층 <br>3. 네트워크 계층 <br>2. 데이터 링크 계층 <br>1. 물리 계층 <br>같은 문제가 자주 나오니 '물데네 전세표응' 으로 외워둡시다."
    },
    {
        "subject": "인터넷 일반",
        "question": "자바스크립트의 특징으로 틀린 것은?",
        "correct_answer": "대소문자를 구별하지 않는다.",
        "incorrect_answers": [
            "객체 지향 프로그램 언어로 내장 객체를 사용한다.",
            "HTML 내에 삽입되어 홈페이지에 다양한 효과를 줄수 있다.",
            "alert()는 자바스크립트 내장 함수이다."
        ],
        "desc": "자바스크립트는 대소문자를 구별하여야 합니다"
    },
    {
        "subject": "인터넷 일반",
        "question": "DHTML의 구성 요소로 옳게 나열한 것은?",
        "correct_answer": "HTML, CSS, JavaScript",
        "incorrect_answers": [
            "HTML, JSS, JavaScript",
            "HTML, CSS, JSS, JavaScript",
            "HTML, CSS, JSS, JavaScript, VBScript"
        ],
        "desc": "DHTML의 구성 요소는 HTML, CSS, Javascript입니다."
    },
    {
        "subject": "웹그래픽스 디자인",
        "question": "플래시(flash)를 이용한 웹 그래픽 제작의 특징으로 틀린 것은?",
        "correct_answer": "실사와 같은 애니메이션을 제작하기에 가장 적합하다.",
        "incorrect_answers": [
            "애니메이션의 처음과 끝을 제작하면 중간단계를 자동으로 생성할 수 있다.",
            "사용자의 동작에 반응하는 효과를 낼 수 있다.",
            "애니메이션과 사운드가 통합된 결과물을 얻을 수 있다."
        ],
        "desc": "실사와 같은 애니메이션을 제작하기에 가장 적합하지 않습니다."
    },
    {
        "subject": "웹그래픽스 디자인",
        "question": "다음이 설명하고 있는 것은?",
        "question_desc": "- 페이퍼 애니메이션 배경 이미지를 활용하지 못한다는 단점을 보완하기 위해 1914년 얼 허드에 의해 고안된 애니메이션<br>- 원화에서 동화와 배경을 분리하고, 투명한 셀룰로이드 판에서 동화만 묘사하는 기법",
        "correct_answer": "셀 애니메이션",
        "incorrect_answers": [
            "스크래치 애니메이션",
            "컷 아웃 애니메이션",
            "클래이 애니메이션"
        ],
        "desc": "셀 애니메이션은 원화에서 동화와 배경을 분리하고, 투명한 셀룰로이드 판에서 동화만 묘사하는 기법입니다."
    },
    {
        "subject": "웹그래픽스 디자인",
        "question": "컴퓨터 그래픽스(Computer Graphic) 발달 과정 중 제5세대의 설명으로 옳은 것은?",
        "correct_answer": "컴퓨터를 통해 영상, 음성, 매체 등의 정보를 컴퓨터 기술인 멀티미디어(Multimedia)가 발전하였다.",
        "incorrect_answers": [
            "약 18000개의 진공관으로 이루어진 컴퓨터인 애니악(ENIAC) 개발되었다.",
            "프렉탈 기법으로 간단한 형태에서 복잡한 형태로 표현이 가능하여 자연경관이나 혹성 표면을 실제와 같이 표현할 수 있게 되었다.",
            "국제 컴퓨터 그래픽 협회인 SIGRAPH 가 결성되어 매년마다 컴퓨터 그래픽 애니메이션의 작품을 발표하였다."
        ],
        "desc": "애니악 - 1세대<br>프레탈 기법 - 4세대<br>국제 컴퓨터 그래픽 협회 SIGRAPH 결성 - 3세대"
    },
    {
        "subject": "웹그래픽스 디자인",
        "question": "CRT에서 초당 이미지가 재생되는 횟수를 무엇이라 하는가?",
        "correct_answer": "재생률",
        "incorrect_answers": [
            "지속률",
            "스캔률",
            "감화율"
        ],
        "desc": "CRT에서 초당 이미지가 재생되는 횟수를 재생률이라 합니다."
    },
    {
        "subject": "웹그래픽스 디자인",
        "question": "다음 설명에 해당되는 리샘플링 알고르즘은?",
        "question_desc": "- 새로 생성해야 할 픽셀의 색채 값을 추출하기 위해 방사형의 주변으로 픽셀들의 평균적인 색채 값을 찾는 것이다.<br>- 사진처럼 복잡한 음영과 색의 변화가 심한 이미지에 적합하다.<br>- 가장 사실적인 세부 묘사를 얻을 수 있다.",
        "correct_answer": "Resolution",
        "incorrect_answers": [
            "Bicubic",
            "Bilinear",
            "크기순 정렬"
        ],
        "desc": "보간법(interpolation)에 대한 문제이다.<br>보간법은 이미지나 영상에서 값이 비어있는 구멍(Hole)의 색상 값을 주변의 픽셀들로 부터 추정해 내는 방법이다."
    },
    {
        "subject": "웹그래픽스 디자인",
        "question": "다음 설명에 해당하는 파일포맷은?",
        "question_desc": "- 인터레이싱(Interlacing) 이미지 기능 제공<br>- 트루 컬러 지원<br>- 비손실 압축 사용<br>- 투명영역 포함 가능<br>- 원하는 색상 밝기의 형태로 이미지 보정 기능",
        "correct_answer": "*.PNG",
        "incorrect_answers": [
            "*.PICT",
            "*.TIFF",
            " *.AI"
        ],
        "desc": "투명영역 포함 가능한 파일포맷은 PNG입니다."
    },
    {
        "subject": "웹그래픽스 디자인",
        "question": "웹디자인 프로세스 중 프로젝트 기획 단계에 해당하지 않는 것은?",
        "correct_answer": "사용자 분석과 개발 전략 및 홍보 전략을 세운다",
        "incorrect_answers": [
            "웹 사이트를 구축할 웹 기획자, 웹디자이너, 웹 프로그래머 등의 제작팀을 구성한다.",
            "웹 사이트의 내용과 관련된 자료를 수집하고 분석하여 아이디어를 도출한다",
            "서비스 목적과 사용자 계층을 고려하여 디자인 컨셉(concept)과 콘텐츠의 내용을 정의한다."
        ],
        "desc": "홍보전략은 유지 및 관리 단계에서 시행합니다."
    },
    {
        "subject": "웹그래픽스 디자인",
        "question": "다음이 설명하고 있는 것은?",
        "question_desc": "- 실사와 애니메이션을 합성하는 기법으로 많이 사용 된다.<br>- 먼저 촬영한 실제 필름 위에 애니메이션을 위한 셀을 올려 놓고 실사 안에 추가하고자 하는 애니메이션을 삽입한다.",
        "correct_answer": "로토스코핑",
        "incorrect_answers": [
            "모션캡쳐",
            "플립북",
            "모핑"
        ],
        "desc": "로토스코핑은 실사 이미지의 외형선을 한 프레임씩 베껴 애니메이션으로 만든 다음 이를 원본 이미지와 합성하는 기법입니다."
    },
    {
        "subject": "웹그래픽스 디자인",
        "question": "내비게이션에 대한 설명으로 가장 거리가 먼 것은?",
        "correct_answer": "최대한 많은 메뉴를 만들어야 한다.",
        "incorrect_answers": [
            "일관성 있는 네비게이션을 만들어야 한다.",
            "사용자의 환경을 고려해야 한다",
            "링크가 끊어진 페이지가 없어야 한다."
        ],
        "desc": "최대한 많은 메뉴를 만들어야 한다는 건 내비게이션에 대한 설명에 맞지 않습니다."
    },
    {
        "subject": "웹그래픽스 디자인",
        "question": "모니터 해상도를 나타내는 픽셀의 설명으로 틀린 것은?",
        "correct_answer": "픽셀의 수치가 낮을수록 이미지 해상도가 높다.",
        "incorrect_answers": [
            "Picture와 Element의 합성어이다.",
            "이미지의 최소단위이다.",
            "PPI는 Pixel Per Inch의 약자이다."
        ],
        "desc": "픽셀 수치가 낮을수록 이미지 해상도가 낮아집니다."
    },
    {
        "subject": "웹그래픽스 디자인",
        "question": "선(Line) 표시에서 면으로 변화하는 상태를 자연스럽게 조작할 수 있는 질감 묘사 모델링으로 복잡한 자연경관이나 불규칙한 성질을 가진 것들을 표현할 수 있게 된 모델은?",
        "correct_answer": "프랙탈 모델",
        "incorrect_answers": [
            "서피스 모델",
            "솔리드 모델",
            "파라메트릭 모델"
        ],
        "desc": "서피스 모델 = 외부 형태만잡아줌<br>솔리드 모델 = 외부는물론 내부까지 꽉채워져있음<br>와이어프레임 = 선으로만 이루어짐"
    },
    {
        "subject": "웹그래픽스 디자인",
        "question": "다음이 설명하고 있는 인터페이스 방식은?",
        "question_desc": "사용자가 컴퓨터와 정보를 교환할 때 그래픽을 통해 작업할 수 있는 환경을 말하며, 마우스 등을 이용하여 화면에 있는 메뉴를 선택하여 작업할 수 있는 인터페이스 방식은?",
        "correct_answer": "GUI",
        "incorrect_answers": [
            "CRT",
            "PDA",
            "GPU"
        ],
        "desc": "그래픽 유저 인터페이스"
    },
    {
        "subject": "웹그래픽스 디자인",
        "question": "웹 디자인 시 타이포그래피를 적용할 때 고려사항으로 가장 거리가 먼 것은?",
        "correct_answer": "페이지마다 또는 동일한 페이지 내에 다양한 서체 사용",
        "incorrect_answers": [
            "가독성, 판독성을 고려한 서체 사용",
            "웹페이지의 여백과 문장의 정렬",
            "사이트의 내용과 컨셉(concept)에 어울리는 서체 사용"
        ],
        "desc": "페이지마다 또는 동일한 페이지 내에 다양한 서체를 사용하지 않습니다."
    },
    {
        "subject": "웹그래픽스 디자인",
        "question": "벡터(Vector) 방식의 설명으로 틀린 것은?",
        "correct_answer": "픽셀의 단위를 갖으며, 파일의 크기도 커진다.",
        "incorrect_answers": [
            "단순한 도형의 표현에 적합하다.",
            "이미지를 확대, 축소해도 화질에는 손상이 없다.",
            "수학적인 방식으로 이루어진 방식이다."
        ],
        "desc": "4는 래스터(비트맵) 방식을 의미합니다."
    },
    {
        "subject": "웹그래픽스 디자인",
        "question": "케스케이딩 스타일 시트(Cascading Style Sheet)의 설명으로 가장 거리가 먼 것은?",
        "correct_answer": "다양한 이미지의 디자인 편집을 할 수 있다",
        "incorrect_answers": [
            "HTML 요소의 기능을 확장한다.",
            "통일된 문서 양식을 디자인할 수 있다.",
            "문서의 형식을 다양하게 구성할 수 있다."
        ],
        "desc": "이미지의 편집은 포토샵과 같은 이미지 편집 프로그램으로 편집 가능합니다."
    },
    {
        "subject": "웹그래픽스 디자인",
        "question": "웹에서 주로 사용되는 컬러 방식은?",
        "correct_answer": "RGB",
        "incorrect_answers": [
            "CMYK",
            "HSB",
            "LAB"
        ],
        "desc": "웹에서는 주로 RGB 컬러 방식을 사용합니다."
    },
    {
        "subject": "웹그래픽스 디자인",
        "question": "변화되는 여러 개의 장면을 연속적으로 나타내어 움직이는 것처럼 표현하는 기술은?",
        "correct_answer": "애니메이션",
        "incorrect_answers": [
            "맵핑",
            "모델링",
            "크로마키"
        ],
        "desc": "변화되는 여러 개의 장면을 연속적으로 나타내어 움직이는 것처럼 표현하는 기술은 애니메이션입니다."
    },
    {
        "subject": "웹그래픽스 디자인",
        "question": "사용자 인터페이스(UI)를 디자인 할 때 일반적으로 고려해야할 사항에 대한 설명으로 틀린 것은?",
        "correct_answer": "개인성 : 사용자의 경험이나 개인 선호도, 능력의 차이를 두고 개인의 특성에 맞도록 한다.",
        "incorrect_answers": [
            "사용 편리성 : 정보접근이 용이하고 기억하기 쉬워야 한다.",
            "심미적 구성 : 시각적인 커뮤니케이션을 통해 사용자의 정보흡수와 작업수행을 도와야 한다.",
            "일관성 : 전체 구조 및 그래픽적 요소를 일관성 있게 디자인해야 한다."
        ],
        "desc": "사용자 인터페이스를 디자인할 때 개인성은 별로 고려하지 않습니다."
    },
    {
        "subject": "웹그래픽스 디자인",
        "question": "넓은 의미로 인쇄술을 의미하며 인쇄를 전제로 한 문자 표현이나 작품을 지칭하는 말로 주어진 면적 안에서 시각화 할 수 있는 정보량을 명료도, 가독성 정도를 고려하여 결정하면서 동시에 그 서체의 아름다움이나 내용 표현의 적절성, 표현성 등을 갖추어야 하는것을 뜻하는 용어는?",
        "correct_answer": "Typography",
        "incorrect_answers": [
            "Font",
            "Typestyle",
            "Typeface"
        ],
        "desc": "가독성 정도를 고려하여 결정하면서 동시에 그 서체의 아름다움이나 내용 표현의 적절성, 표현성 등을 갖추어야 하는것을 뜻하는 용어는 타이포그래피입니다."
    },
    {
        "subject": "웹그래픽스 디자인",
        "question": "벡터(Vector)방식의 이미지를 비트맵(bitmap) 방식의 이미지로 변환시키는 것을 나타내는 용어는?",
        "correct_answer": "Rasterizing",
        "incorrect_answers": [
            "Vectorizing",
            "Anti-Aliasing",
            "Synchronizing"
        ],
        "desc": "벡터 이미지를 비트맵 이미지로 변환 : 래스터라이징<br>반대말로 비트맵 이미지를 벡터 이미지로 : 벡터라이징"
    }
]