[
    {
        "subject": "정보처리 기능사",
        "question": "명령어(Instruction)형식에서 첫 번째 바이트의 기능이 아닌 것은?",
        "correct_answer": "자료의 주소지정 기능",
        "incorrect_answers": [
            "제어 기능",
            "자료 전달 기능",
            "함수 연산 기능"
        ],
        "desc": "명령어 = 명령어 코드부 + 명령어 주소부 Instruction = Op_Code + Operand 연산자의(명령어 코드) 4가지 기능 1.제어기능 2.입출력기능 3.전달기능 4.함수연산기능        ",
        "question_img": "img01"
    },
    {
        "subject": "정보처리 기능사",
        "question": "다음 불대수(Boolean algebra)의 기본법칙을 바르게 표현한 것은?<br>A+(B+C) = (A+B)+C",
        "correct_answer": "결합법칙",
        "incorrect_answers": [
            "교환법칙",
            "분배법칙",
            "흡수법칙"
        ],
        "desc": "연산자가 모두 동일할 경우 앞으로 괄호로 결합하거나 뒤로 괄호로 결합하거나 하는 것은 결국 같다는 것이 결합 법칙 입니다."
    },
    {
        "subject": "정보처리 기능사",
        "question": "명령어 형식(Instruction Format)에서 첫 번째 바이트에 기억되는 것은?",
        "correct_answer": "OP Code",
        "incorrect_answers": [
            "1",
            "2",
            "3"
        ],
        "desc": "명령어 = 명령어 코드부 + 명령어 주소부 Instruction = Op_Code + Operand"
    },
    {
        "subject": "정보처리 기능사",
        "question": "주소지정방식 중 처리 속도가 가장 빠르며, 명령의 피연산자부에 피연산자의 주소가 있는 것이 아니라 피연산자의 값 그 자체를 포함하고 있는 주소지정방식은?",
        "incorrect_answers": [
            "레지스터 지정(Register Addressing)",
            "직접주소 지정(Direct Addressing)",
            "즉시주소 지정(Immediate Addressing)"
        ],
        "correct_answer": "간접주소 지정(Indirect Addressing)",
        "desc": "주소가 있는 것이 아니고 피연산자의 값 그 자체를 포함하고 있다고 하였으므로메모리 참조회수가 0인 이미 데이타(?) 방식인 즉시주소 지정(Immediate Addressing) 입니다."
    },
    {
        "subject": "정보처리 기능사",
        "question": "다음 그림의 논리회로에서 입력 A, B, C에 대한 출력 Y의 값은? <br><img src='asset/img/img01.jpg'>",
        "incorrect_answers": [
            "Y = A + B + C",
            "Y = AB + BC",
            "Y = A'B + B'C"
        ],
        "correct_answer": "Y = AB + B'C",
        "desc": "A*B =AB . B'*C =B'C , =AB + B'C"
    },
    {
        "subject": "정보처리 기능사",
        "question": "다음과 같은 회로에서 입력 A=1, B=1일 경우에 합 S와 자리 올림 C의 값은?<br><img src='asset/img/img02.jpg'>",
        "incorrect_answers": [
            "S=0, C=0",
            "S=1, C=0",
            "S=1, C=1"
        ],
        "correct_answer": "S=0, C=1",
        "desc": "1+1의 경우 합은 0이 되므로 S=0 자리올림이 발생하므로 C=1 이 됩니다."
    },
    {
        "subject": "정보처리 기능사",
        "question": "CPU에서 명령이 실행되는 순서를 제어하거나 특정 프로그램에 관련된 컴퓨터 시스템의 상태를 나타내고 유지하기 위한 제어 워드로서, 실행중인 CPU의 상황을 나타내는 것은?",
        "incorrect_answers": [
            "MBR",
            "MAR",
            "PC"
        ],
        "correct_answer": "PSW",
        "desc": "레지스터MAR : 번지(주소)기억, MBR : 버퍼(임시기억), IR : 명령어레지스터(명령어를 읽어서 저장), PC : 프로그램카운터(다음수행 명령번지 기억), 명령어해독기 : IR 내용 해독, ACC : 누산기(연산결과 일시(임시)저장), 데이터레지스터 : 데이터 임시저장, 상태 레지스터 : CPU상태 저장(PSW), 보수기 : 보수로 바꾸는 장치"
    },
    {
        "subject": "정보처리 기능사",
        "question": "0-주소 명령은 연산 시 어떤 자료 구조를 이용하는가?",
        "incorrect_answers": [
            "TREE",
            "QUEUE",
            "DEQUE"
        ],
        "correct_answer": "STACK",
        "desc": "명령어 형식, 0주소 : 스택(Stack), 1주소 : 누산기(ACC), 2주소 : 일반적,범용, 기억불능,자료보존 불능, 3주소 : 특수, 기억가능, 자료보존 가능"
    },
    {
        "subject": "정보처리 기능사",
        "question": " 레지스터 중 Program Counter의 기능을 바르게 설명한 것은?",
        "incorrect_answers": [
            "현재 실행중인 명령어의 내용을 기억한다.",
            "주기억장치의 번지를 기억한다.",
            "연산의 결과를 일시적으로 보관한다."
        ],
        "correct_answer": "다음에 수행할 명령어의 번지를 기억한다.",
        "desc": "레지스터, MAR : 번지(주소)기억, MBR : 버퍼(임시기억),  IR : 명령어레지스터(명령어를 읽어서 저장) ,PC : 프로그램카운터(다음수행 명령번지 기억), 명령어해독기 : IR 내용 해독, ACC : 누산기(연산결과 일시(임시)저장), 데이터레지스터 : 데이터 임시저장, 상태 레지스터 : CPU상태 저장(PSW), 보수기 : 보수로 바꾸는 장치, 11. 8진수 234를 16진수로 바르게 표현한 것"
    },
    {
        "subject": "정보처리 기능사",
        "question": " 8진수 234를 16진수로 바르게 표현한 것은?",
        "incorrect_answers": [
            "(AD)16",
            "(11B)16",
            "(BC)16"
        ],
        "correct_answer": "(9C)16",
        "desc": "8진수는 바로 16진수로 가기 어렵습니다. 8진수는 2진수 3자리와 동일하므로 일단 2진수로 변환합니다. 010 011 100 으로 변환후 4자리씩 끊어서 다시 16진수로 변환 합니다. 0 1001 1100 이므로<br>0     9    C 가 됩니다."
    },
    {
        "subject": "정보처리 기능사",
        "question": "중앙처리장치의 제어 부분에 의해서 해독되어 현재 실행중인 명령어를 기억하는 레지스터는?",
        "incorrect_answers": [
            "PC(Program Counter)",
            "MAR(Memory Address Register)",
            "MBR(Memory Buffer Register)"
        ],
        "correct_answer": "IR(Instruction Register)",
        "desc": "레지스터, MAR : 번지(주소)기억, MBR : 버퍼(임시기억),IR : 명령어레지스터(명령어를 읽어서 저장), PC : 프로그램카운터(다음수행 명령번지 기억), 명령어해독기 : IR 내용 해독, ACC : 누산기(연산결과 일시(임시)저장), 데이터레지스터 : 데이터 임시저장, 상태 레지스터 : CPU상태 저장(PSW), 보수기 : 보수로 바꾸는 장치 물리적인 디스크를 논리적으로 2개 이상으로 분할하는 것을 '파티션'을 나눈다 라고 합니다.따라서 FDISK 입니다. chkdsk : 디스크 오류검사, attrib : 파일 속성 변경, format : 포맷(디스크 초기화)"
    },
    {
        "subject": "정보처리 기능사",
        "question": "2진수 101011(2) - 11001(2)를 계산하면?",
        "incorrect_answers": [
            "10001(2)",
            "10101(2)",
            "10011(2)"
        ],
        "correct_answer": "10010(2)",
        "desc": "101011-11001 입니다..간단한 계산입니다. -------- 위와같이 계산하되 뺄수 없어서 위에서 빌려올경우 10일 빌리는 것이 아니고 2를 빌려 옵니다..2진수 계산 법입니다."
    },
    {
        "subject": "정보처리 기능사",
        "question": "프로그램이 컴퓨터의 기종에 관계없이 수행될 수 있는 성질을 의미하는 것은?",
        "incorrect_answers": [
            "가용성",
            "신뢰성",
            "안정성"
        ],
        "correct_answer": "호환성",
        "desc": "호환성 : 기종에 관계없이 수행되는 성질(우리컴퓨터와 친구집 컴퓨터에서 똑같은 게임이 별 이상없이 잘 된다.)"
    },
    {
        "subject": "정보처리 기능사",
        "question": "다음 중 정보통신시스템에서 최종적으로 데이터를 보내거나 받는 기능을 수행하는 것은?",
        "incorrect_answers": [
            "Duplex Channel",
            "Register Channel",
            "Selector Channel"
        ],
        "correct_answer": "Multiplexer Channel",
        "desc": "동시에 여러개라고 하였으므로 멀티 입니다"
    },
    {
        "subject": "정보처리 기능사",
        "question": "A·(A·B+C)를 간략화 하면?",
        "incorrect_answers": [
            "A",
            "B",
            "C"
        ],
        "correct_answer": " A·(B+C)",
        "desc": "A·(A·B+C)<br>=A·A·B + A·C<br>=A·B + A·C<br>=A·(B+C)"
    },
    {
        "subject": "정보처리 기능사",
        "question": "다음에 표시된 진리표가 나타내는 회로는? (단, 입력은 A, B이고 출력은 S(Sum)와 C(Carry) 이다.)<br><img src='asset/img/img03.jpg'>",
        "incorrect_answers": [
            "AND 회로",
            "OR 회로",
            "전가산기 회로"
        ],
        "correct_answer": "반가산기 회로",
        "desc": "반가산기 구성<br>S = A XOR B<br>C = A * B"
    },
    {
        "subject": "정보처리 기능사",
        "question": "특정 비트 또는 특정 문자를 삭제하기 위해 사용하는 연산은?",
        "incorrect_answers": [
            "OR",
            "MOVE",
            "Complement"
        ],
        "correct_answer": "AND",
        "desc": "AND연산 또는 마스크 연산이라고 합니다."
    },
    {
        "subject": "정보처리 기능사",
        "question": "기억장치의 맨 처음 장소부터 1Byte마다 연속된 16진수의 번호를 부여하는 번지는?",
        "incorrect_answers": [
            "Symbolic Address",
            "Relative Address",
            "Mnemonic Address"
        ],
        "correct_answer": "Absolute Address",
        "desc": "순서대로(연속적으로) 부여 된다고 하였으므로 절대주소방식(Absolute Address) 입니다."
    },
    {
        "subject": "정보처리 기능사",
        "question": "컴퓨터 시스템의 중앙처리장치를 구성하는 하나의 회로로서, 산술 및 논리연산을 수행하는 장치는?",
        "incorrect_answers": [
            "Memory Unit",
            "I/O Unit",
            "Associative Memory Unit"
        ],
        "correct_answer": "Arithmetic Logic Unit",
        "desc": "ALU : 산술 논리 연산장치"
    },
    {
        "subject": "정보처리 기능사",
        "question": " 다음 중 강연회나 세미나, 연구발표, 교육안 등을 상대방에게 보다 효과적으로 의사전달을 하고자 할 때 사용하는 것은?",
        "incorrect_answers": [
            "DBMS",
            "스프레드시트",
            "워드프로세서"
        ],
        "correct_answer": "프레젠테이션",
        "desc": "발표회 및 설명회때 파워포인트 같은 프리젠테이션으로 발표를 합니다"
    },
    {
        "subject": "정보처리 기능사",
        "question": "데이터베이스 시스템의 전체적인 관리 및 운영을 책임지는 사람을 의미하는 것은?",
        "incorrect_answers": [
            "DEGREE",
            "SCHEMA",
            "DBM"
        ],
        "correct_answer": "DBA",
        "desc": "DBA : 데이터베이스 관리자"
    },
    {
        "subject": "정보처리 기능사",
        "question": "다음 SQL 검색문의 의미로 옳은 것은?<br>SELECT * FROM 학생;",
        "incorrect_answers": [
            "학생 테이블에서 첫 번째 레코드의 모든 필드를 검색하라",
            "학생 테이블에서 마지막 레코드의 모든 필드를 검색하라.",
            "학생 테이블에서 “*” 값이 포함된 레코드의 모든 필드를 검색하라"
        ],
        "correct_answer": "학생 테이블에서 전체 레코드의 모든 필드를 검색하라.",
        "desc": "SELECT : 검색하시오, * : 모든 필드 즉 모든 항목을 검색 하라는 뜻, FROM 학생 : 어디서 부터라는 뜻으로 뒤에는 테이블 명이온다, 즉 학생 테이블로부터 종합해보면 학생테이블로부터 모든 필드를 검색하여라는 뜻이다. WHERE 이라는 구문을 이용한 조건이 없으므로 모든 레코드를 대상으로 검색하라는 뜻"
    },
    {
        "subject": "정보처리 기능사",
        "question": "프레젠테이션의 용도로 거리가 먼 것은?",
        "incorrect_answers": [
            "기업체의 설명회 또는 신제품 발표회",
            "기업체 내의 부서별 세미나 자료 작성",
            "학습용 교육 자료 작성"
        ],
        "correct_answer": "기업체 내의 통계 자료 계산",
        "desc": "- 프레젠테이션은 발표, 설명회등에 많이 사용하고.(파워포인트)<br> - 표계산, 챠트, 통계 이런 작업은 엑셀에서 많이 사용합니다."
    },
    {
        "subject": "정보처리 기능사",
        "question": "테이블을 삭제하기 위한 SQL 명령은?",
        "incorrect_answers": [
            "DELETE",
            " DBA",
            "DBM"
        ],
        "correct_answer": "DROP",
        "desc": "삭제 명령어는 2가지가 있습니다. 1. DELETE : 레코드 삭제 명령어<br>2. DROP : 데이터베이스 및 테이블 삭제 명령어"
    },
    {
        "subject": "정보처리 기능사",
        "question": "다음 SQL문의 실행 결과를 가장 올바르게 설명한 것은?<br><img src='asset/img/img04.jpg'>",
        "incorrect_answers": [
            "인사 테이블을 삭제함",
            "인사 테이블이 참조 중이면 삭제하지 않음",
            "인사 테이블을 삭제할지 여부를 사용자에게 다시 질의함"
        ],
        "correct_answer": "인사 테이블과 인사 테이블을 참조하는 모든 테이블을 삭제함",
        "desc": "DROP Table 인사 : 인사 테이블을 삭제 하라는 뜻<br>Cascade : 삭제를 하되 위 인사 테이블을 참조 하고 있는것도 모두 삭제 하라는뜻<br>Cascade는 참조중인것도 제거하시오 라는 명령어임"
    },
    {
        "subject": "정보처리 기능사",
        "question": "데이터베이스 관리 시스템의 필수 기능 중 사용자와 데이터베이스 사이의 인터페이스를 위한 수단을 제공하는 기능에 해당하는 것은?",
        "incorrect_answers": [
            "정의 기능",
            "제어 기능",
            "통제 기능"
        ],
        "correct_answer": "조작 기능",
        "desc": "사용자와 데이터베이스 사이의 인터페이스는 일반적으로 DML문을 사용합니다. 검색, 삭제,업데이트,추가 등의 연산을 할수 있습니다."
    },
    {
        "subject": "정보처리 기능사",
        "question": "프리젠테이션에서 사용하는 하나의 화면을 의미하는 것은?",
        "incorrect_answers": [
            "셀",
            "워크시트",
            "프로젝트"
        ],
        "correct_answer": "슬라이드",
        "desc": "프리젠테이션 기본단위 : 슬라이더(슬라이드 개개의 구성요소: 개체)스프레드시트 기본단위 : 셀"
    },
    {
        "subject": "정보처리 기능사",
        "question": "스프레드시트에서 반복되고 규칙적인 작업을 일괄 자동처리하는 기능을 무엇이라고 하는가?",
        "incorrect_answers": [
            "필터 기능",
            "차트 기능",
            "셀 기능"
        ],
        "correct_answer": "매크로 기능",
        "desc": "매크로 : 단순한 작업을 자동으로 반복적으로 수행하도록 만드는것<br>반복,규칙적 = 매크로<br>검색,추출 = 필터"
    },
    {
        "subject": "정보처리 기능사",
        "question": " SQL의 DML에 해당하지 않는 것은?",
        "incorrect_answers": [
            "INSERT",
            "SELECT",
            "UPDATE"
        ],
        "correct_answer": "CREATE",
        "desc": "DML(데이터 조작 언어)<br>SELECT - FROM - WHERE : 검색<br>INSERT - INTO - VALUES : 삽입<br>UPDATE - SET WHERE : 갱신(업데이트)<br>DELETE - FROM - WHERE(삭제)<br>(테이블내의 레코드 조작 언어)"
    },
    {
        "subject": "정보처리 기능사",
        "question": ". Which one does below sentence describe?<br><img src='asset/img/img05.jpg'>",
        "incorrect_answers": [
            " Operating System",
            "Central Processing",
            " Turn-around Time"
        ],
        "correct_answer": "Throughput",
        "desc": "Given time : 주어진 시간안에 라는 뜻입니다.주어진 시간안에 얼마나 많이 처리 할수 있느냐라는 뜻입니다. Throughput : 처리 능력이라고 해석하시면 됩니다. Operating System : 운영체제<br>Central Processing : 중앙처리<br>Turn-around Time : (결과)반환 시간"
    },
    {
        "subject": "정보처리 기능사",
        "question": " 윈도우 98 환경에서 여러 개의 프로그램을 동시에 작업하는 것을 무엇이라 하는가?",
        "incorrect_answers": [
            "멀티 유저",
            " 멀티 스케줄링",
            "멀티 컨트롤"
        ],
        "correct_answer": "멀티 태스킹",
        "desc": "멀티유저 : 1대의 컴퓨터를 여러명이서 사용하는것<br>멀티태스킹 : 여러개의 프로그램을 동시에 작업하는것"
    },
    {
        "subject": "정보처리 기능사",
        "question": "윈도우 98에서 PLUG &PLAY란",
        "incorrect_answers": [
            "컴퓨터에 전원을 켜자마자 바로 시작되는 것",
            "전원을 끈 상태에서도 컴퓨터가 작동되는 것",
            "전원을 그냥 꺼도 운영체제가 모든 응용프로그램의 마무리 작업을 수행하는 것"
        ],
        "correct_answer": "운영체제가 주변기기를 자동 인식하는 것",
        "desc": "Plug &play 기능 : 장치를 새로 꼽자마자 플레이 사용가능 하다는 뜻입니다. "
    },
    {
        "subject": "정보처리 기능사",
        "question": "윈도우 98의 탐색기에서 비연속적인 여러 개의 파일을 선택하는 방법은?",
        "incorrect_answers": [
            " [Shift]키를 누른 상태에서 선택하려는 파일들을 왼쪽 마우스 버튼을 클릭하여 선택한다.",
            " [Alt]키를 누른 상태에서 선택하려는 파일들을 오른쪽 마우스 버튼을 클릭하여 선택한다.",
            "[Shift]키를 누른 상태에서 선택하려는 파일들을 오른쪽 마우스 버튼을 클릭하여 선택한다."
        ],
        "correct_answer": "[Ctrl]키를 누른 상태에서 선택하려는 파일들을 왼쪽 마우스 버튼을 클릭하여 선택한다.",
        "desc": "연속 : Shift, 불연속 : Ctrl"
    },
    {
        "subject": "정보처리 기능사",
        "question": "윈도우 98의 탐색기에서 마우스의 오른쪽 단추를 누르는 것과 같은 기능이 나타나게 하는 단축키는?",
        "incorrect_answers": [
            "[F9]",
            "[Ctrl]+[F10]",
            "[Alt]+[F10]"
        ],
        "correct_answer": "[Shift]+[F10]",
        "desc": "[Shift]+[F10] : 바로가기 메뉴 표시 (마우스의 오른쪽 단추를 누르는것과 같은 기능)"
    },
    {
        "subject": "정보처리 기능사",
        "question": "윈도우 98에서 한 번의 마우스 조작만으로 현재 실행중인 응용프로그램 사이를 오가며 작업할 수 있는 환경을 제공하는 것은?",
        "incorrect_answers": [
            "바탕화면",
            "내컴퓨터",
            "시작버튼"
        ],
        "correct_answer": "작업표시줄",
        "desc": "최종적이란 말은 마지막 끝이라는 뜻입니다..단말기 등이 이에 해당됩니다. 참고 : 버스가 출발한후 도착하여 그 운행이 끝나는 곳을 터미널이라고 합니다..단말이란 뜻은 터미널과 같은 뜻입니다."
    },
    {
        "subject": "정보처리 기능사",
        "question": "컴퓨터에게는 효율적인 자원 관리를, 사용자에게는 편리한 사용을 제공하기 위한 목적을 가진 소프트웨어를 무엇이라고 하는가?",
        "incorrect_answers": [
            "컴파일러",
            "인터프리터",
            "워드프로세서"
        ],
        "correct_answer": "운영체제",
        "desc": "컴파일러 : 원시프로그램을 목적프로그램으로 변환(프로그램번역기), 인터프리터 : 원시프로그램을 목적프로그램으로 변환하지 않고 바로 실행하는것. 운영체제 : 컴퓨터의 자원을 효과적으로 관리하여 사용자에게 편의를 제공하는 프로그램 , 워드프로세서 : 문서를 작성하기 위한 프로그램"
    },
    {
        "subject": "정보처리 기능사",
        "question": "윈도우 98에서 특정 파일을 찾고자 할 때 “찾기”를 이용한다. 다음 중 “찾기” 방법에 의해 특정 파일을 찾을 수 있는 경우가 아닌 것은?",
        "incorrect_answers": [
            "파일의 형식을 알고 있는 경우",
            "변경된 날짜를 알고 있는 경우",
            "파일에 포함된 문자열을 알고 있는 경우"
        ],
        "correct_answer": "파일의 작성자를 알고 있는 경우",
        "desc": "윈도우 98에서는 작성자 이름만으로 문서를 찾는 기능은 제공하지 않습니다."
    },
    {
        "subject": "정보처리 기능사",
        "question": "윈도우 98에서 [디스크 조각모음]의 결과가 아닌 것은?",
        "incorrect_answers": [
            "분산 저장되어 있는 파일을 연속된 공간으로 이동시킨다",
            "디스크 공간의 최적화가 이루어진다.",
            "디스크의 접근 속도를 빠르게 해준다."
        ],
        "correct_answer": "디스크의 공간이 확장되어 더 많은 자료가 저장된다",
        "desc": "디스크 조각모음은 말 그대로 조간난 파일을 한곳으로 모으는 것이지 저장장소 자체를 늘리는 것이 아니므로 공간이 확장되지는 않습니다..여러곳으로 분산된 파일을 한곳으로 모으기 때문에 접근속도는 빨라집다"
    },
    {
        "subject": "정보처리 기능사",
        "question": "도스(MS-DOS)에서 지정한 파일의 이름을 바꾸어 주는 명령은?",
        "incorrect_answers": [
            "MD",
            "XCOPY",
            "CHKDSK"
        ],
        "correct_answer": "1REN",
        "desc": "DOS 명령어 : UNIX 명령어<br>dir : ls(파일 목록 보기)<br>attrib : chmod(속성, 권한 변경)<br>type : cat(파일 내용 화면 표시)<br>copy : cp (파일 복사)<br>ren : mv (이름변경, 파일이동)<br>del : rm(파일 삭제)"
    },
    {
        "subject": "정보처리 기능사",
        "question": "도스(MS-DOS)의 내부 명령어에 대한 설명으로 옳은 것은?",
        "incorrect_answers": [
            "디스크에 별도의 독립 파일로 존재한다",
            "COMMAND.COM 파일이 없어도 사용할 수 있다",
            " 조기억장치에 저장되어 있으므로 Load하여 사용한다"
        ],
        "correct_answer": "프롬프트 상태에서 언제든지 사용 가능하다",
        "desc": "내부명령어 : COMMAND.COM에 기본적으로 내장된 명령어이므로 언제 어디서든지 실행 가능합니다..별도의 독립된 실행파일을 필요로 하지 않습니다."
    },
    {
        "subject": "정보처리 기능사",
        "question": "윈도우 98에서 현재 선택된 프로그램 창을 종료하는 단축키는?",
        "incorrect_answers": [
            "[ALT]+[F1]",
            "[SHIFT]+[ESC]",
            "[CTRL]+[ESC]"
        ],
        "correct_answer": "[ALT]+[F4]",
        "desc": "[ALT]+[F4] : 창 닫기, 프로그램 종료[CTRL]+[ESC] : [시작] 메뉴 표시"
    },
    {
        "subject": "정보처리 기능사",
        "question": " 유닉스(UNIX) 운영체제의 기초가 되는 언어는?",
        "incorrect_answers": [
            "COBOL",
            "PASCAL",
            "BASIC"
        ],
        "correct_answer": "C",
        "desc": "90% 이상이 C 언어로 작성되어 있다(이식성 향상), 나머지 10%는 어셈블리어로 작성되어 있다(고속성)"
    },
    {
        "subject": "정보처리 기능사",
        "question": "현재의 작업 디렉터리를 나타내기 위한 UNIX 명령은?",
        "incorrect_answers": [
            "cd",
            "kill",
            "cp"
        ],
        "correct_answer": "pwd",
        "desc": "cd : 작업경로 변경<br>pwd : 현재 작업 디렉토리 경로 표시<br>kill : 현재 수행중인 프로세스 삭제 및 한줄 삭제 기능<br>cp : 복사기능(COPY의 약자)"
    },
    {
        "subject": "정보처리 기능사",
        "question": "윈도우 98에서 '시스템 도구' 메뉴에 포함되지 않는 것은?",
        "incorrect_answers": [
            "디스크 검사",
            "디스크 조각 모음",
            "디스크 정리"
        ],
        "correct_answer": "디스크 포맷",
        "desc": "포맷 기능은 시스템 도구에 없습니다."
    },
    {
        "subject": "정보처리 기능사",
        "question": "다음은 무엇에 대한 설명인가?<br><img ser='asset/img/img06.jpg'>",
        "incorrect_answers": [
            "polling",
            "method invocation",
            "virus"
        ],
        "correct_answer": "interrupt",
        "desc": "Call special handler 이라는 단어를 통하여 인터럽트 임을 알 수 있습니다. 인터럽트 호출시 특별한 핸들러를 사용하여 인터럽트 처리 루틴으로 이동합니다."
    },
    {
        "subject": "정보처리 기능사",
        "question": "다프로세스 스케줄링 방법 중 가장 먼저 CPU를 요청한 프로세스에게 가장 먼저 CPU를 할당하여 실행할 수 있게 하는 방법은?",
        "incorrect_answers": [
            "LRU",
            "LFU",
            "FILO"
        ],
        "correct_answer": "FIFO",
        "desc": "FIFO : 퍼스트 인 퍼스트 아웃의 약자로 먼저 들어온것이 먼저 나간다는 뜻입니다."
    },
    {
        "subject": "정보처리 기능사",
        "question": "윈도우 98에서 데이터를 복사하거나 오려둘 때, 그 데이터를 임시로 기억하고 있는 장소는?",
        "incorrect_answers": [
            "편집기",
            "문서",
            "아이콘"
        ],
        "correct_answer": "클립보드",
        "desc": "클립보드 : 윈도우의 임기 기억장소로써 각종 자료를 일시적으로 보관한다..보관한 자료는 복사, 붙여넣기 등에 사용 됩니다."
    },
    {
        "subject": "정보처리 기능사",
        "question": "도스(MS-DOS)의 DIR 명령 중 한 줄에 5개씩 파일 이름이나 디렉터리를 출력해 주는 것은? (단, 현재 디렉터리는 C:임)",
        "incorrect_answers": [
            "C:&rsaquo;DIR/P",
            "C:&rsaquo;DIR/S",
            "C:&rsaquo;DIR/AD"
        ],
        "correct_answer": "C:&rsaquo;DIR/W",
        "desc": "/P : 한화면 단위로 끊어서 보여줌,<br>/W : 와이드 하게 파일 이름만 옆으로 보여줌(5개씩)<br>/S : 서브디렉토리(하위디렉토리)를 포함하여 보여줌"
    },
    {
        "subject": "정보처리 기능사",
        "question": "운영체제의 성능평가에 대한 설명으로 옳지 않은 것은?",
        "incorrect_answers": [
            "신뢰도는 시스템이 주어진 문제를 얼마나 정확하게 해결하는가를 나타내는 척도이다.",
            "처리능력은 수치가 높을수록 좋다.",
            "사용가능도는 시스템을 얼마나 빨리 사용할 수 있는가의 정도를 나타낸다."
        ],
        "correct_answer": "응답시간은 수치가 높을수록 좋다.",
        "desc": "응답시간의 수치가 높다는 것은 1+1의 질문시 0.1초만에 대답하던것이 1박 2일 걸린다는 것입니다..시간이 늘어나면 좋을리가 없겠죠?"
    },
    {
        "subject": "정보처리 기능사",
        "question": "다음 중 10[mW]는 몇 [dBm]에 해당되는가?",
        "incorrect_answers": [
            "1[dBm]",
            "100[dBm]",
            "1000[dBm]"
        ],
        "correct_answer": "10[dBm]",
        "desc": "[mW]=[dBm]"
    },
    {
        "subject": "정보처리 기능사",
        "question": "다음 중 DTE/DCE의 접속 규격에 관한 것이 아닌 것은?",
        "incorrect_answers": [
            "기계적 특성",
            "전기적 특성",
            "절차적 특성"
        ],
        "correct_answer": "통신적 특성",
        "desc": "DTE/DCE의 접속 규격에 해당하는 것은 기계적특성, 전기적특성, 절차적특성 입니다. 단순하게 기.절.전으로 암기해 두시면 좋습니다."
    },
    {
        "subject": "정보처리 기능사",
        "question": " 다음 중 데이터 통신에서 데이터 전송 시 발생되는 오류의 검출과 재전송 등을 주로 수행하는 것은?",
        "incorrect_answers": [
            "다중화 장치",
            "회선 종단장치",
            "전화 교환장치"
        ],
        "correct_answer": "통신 제어장치",
        "desc": "제어장치란 원활한 통신을 위한 제어를 하는 장치로 각종 오류검출과 재전송에 관련이 있습니다"
    },
    {
        "subject": "정보처리 기능사",
        "question": "HDLC(High-level Data Link Control) 프레임을 구성하는 순서로 바르게 열거한 것은?",
        "incorrect_answers": [
            "플래그, 주소부, 정보부, 제어부, 검색부, 플래그",
            "플래그, 검색부, 주소부, 정보부, 제어부, 플래그",
            "플래그, 제어부, 주소부, 정보부, 검색부, 플래그"
        ],
        "correct_answer": "플래그, 주소부, 제어부, 정보부, 검색부, 플래그",
        "desc": "주제정검 외우시면 맞추실수 있습니다!"
    },
    {
        "subject": "정보처리 기능사",
        "question": "정보통신시스템의 잡음 중에서 내부 잡음에 해당하는 것은",
        "incorrect_answers": [
            "충격 잡음",
            "누화 잡음",
            "우주 잡음"
        ],
        "correct_answer": "열 잡음",
        "desc": "충격 잡음, 누화 잡음, 우주 잡음은 모두 외부에 의해서 일어난 것 들입니다. 열 잡음은 내부의 일에 대해서 생긴것입니다."
    },
    {
        "subject": "정보처리 기능사",
        "question": "다음 중 LAN의 표준에 대한 관계가 잘못 짝지어진 것은?",
        "incorrect_answers": [
            "IEEE 802.2 : 논리적 링크 제어",
            "IEEE 802.3 : CSMA/CD",
            "IEEE 802.5 : 토큰링"
        ],
        "correct_answer": "IEEE 802.10 : 무선 LAN",
        "desc": "802.10 작업그룹은 LAN/MAN의 보안을 담당합니다"
    },
    {
        "subject": "정보처리 기능사",
        "question": " 다음 중 LAN의 구성 요소와 거리가 먼 것은?",
        "incorrect_answers": [
            "브릿지",
            "전송 매체",
            "라우터"
        ],
        "correct_answer": "모뎀",
        "desc": "LAN은 근거리 통신망입니다.변복조 과정을 거치지 않습니다. MODEM은 변복조기 입니다"
    },
    {
        "subject": "정보처리 기능사",
        "question": "다음 중 정보통신시스템에서 최종적으로 데이터를 보내거나 받는 기능을 수행하는 것은?",
        "incorrect_answers": [
            "데이터 회선 종단장치",
            "데이터 전송장치",
            "데이터 교환장치"
        ],
        "correct_answer": "데이터 단말장치",
        "desc": "최종적이란 말은 마지막 끝이라는 뜻입니다..단말기 등이 이에 해당됩니다. 참고 : 버스가 출발한후 도착하여 그 운행이 끝나는 곳을 터미널이라고 합니다..단말이란 뜻은 터미널과 같은 뜻입니다."
    },
    {
        "subject": "정보처리 기능사",
        "question": "초고속 인터넷 망을 이용하여 제공되는 양방향 텔레비전 서비스로 시청자가 자신이 편리한 시간에 보고 싶은 프로그램을 볼 수 있는 뉴미디어는?",
        "incorrect_answers": [
            "DMB",
            "블루투스",
            "유비쿼터스"
        ],
        "correct_answer": "IPTV",
        "desc": "IPTV : 초고속 인터넷 망을 이용하여 내가 원하는 시간에 원하는 프로그램을 시청할수 있다."
    },
    {
        "subject": "정보처리 기능사",
        "question": "위상 변조를 하는 동기식 변·복조기의 변조 속도가 1200 보오(Baud)이고, 디비트(Dibit)를 사용한다면 통신 속도[Bps]는?",
        "incorrect_answers": [
            "1200",
            "4800",
            "9600"
        ],
        "correct_answer": "2400",
        "desc": "2위상 : 원비트 : x1<br>4위상 : 디비트 : x2<br>8위상 : 트리비트 : x3<br>16위상 : 쿼드비트 : x4"
    }
]